"類型 Class","觀 光 遊 憩 區 Scenic Spots","縣 市 別Location","1月Jan.","2月Feb.","3月Mar.","4月Apr.","5月May","6月Jun.","7月Jul.","8月Aug.","9月Sep.","10月Oct.","11月Nov.","12月Dec.","合計Total",,,,,,,,
,"東北角暨宜蘭海岸國家風景區
Northeast and Yilan Coast National Scenic Area",,,,,,,,,,,,,,,,,,,,,,
,"鼻頭港服務區
Bitou Harbor Service Area",新北市 New Taipei City,"11,750 ","10,800 ",9450 ,"11,200 ",11900 ,"11,650 ",12000 ,"13,910 ",13950 ,"9,805 ",12230 ,"9,965 ","138,610 ",,,,,,,,
,"龍洞灣公園
Longdongwan Coast Park",新北市 New Taipei City,"1,624 ","1,902 ",1975 ,"1,956 ",2523 ,"8,128 ",10166 ,"9,027 ",5028 ,"2,568 ",2157 ,"2,002 ","49,056 ",,,,,,,,
,"龍洞南口海洋公園
Longdong South Ocean Park",新北市 New Taipei City,"1,018 ",426 ,1226 ,604 ,1246 ,"7,110 ",12020 ,"8,855 ",2560 ,"1,536 ",761 ,363 ,"37,725 ",,,,,,,,
,"福隆遊客服務中心
Fulong Visitor Center",新北市 New Taipei City,"27,729 ","87,166 ",71702 ,"79,192 ",354736 ,"170,857 ",138988 ,"66,391 ",73837 ,"55,790 ",49422 ,"52,999 ","1,228,809 ",,,,,,,,
國家風景區,"龍門露營區
Longmen Camp Site",新北市 New Taipei City,"1,110 ","1,433 ",3357 ,"5,098 ",5503 ,"5,783 ",6203 ,"5,511 ",4846 ,"9,768 ",5639 ,"3,106 ","57,357 ",,,,,,,,
,"鹽寮海濱公園
Yanliao Beach Park",新北市 New Taipei City,143 ,223 ,229 ,143 ,356 ,"1,162 ",754 ,702 ,246 ,346 ,142 ,102 ,"4,548 ",,,,,,,,
,"福隆蔚藍海岸◎
Fulong Beach",新北市 New Taipei City,"1,299 ","2,636 ",3432 ,"3,904 ",163208 ,"324,231 ",557220 ,"19,266 ",6126 ,"3,123 ",1404 ,549 ,"1,086,398 ",,,,,,,,
,"鼻頭角步道
Bitou Cape Trail",新北市 New Taipei City,"2,760 ","3,550 ",2800 ,"11,200 ",6260 ,"6,725 ",7730 ,"5,875 ",5890 ,"7,545 ",3840 ,"4,231 ","68,406 ",,,,,,,,
,"舊草嶺隧道
The old Caoling Tunnel",新北市 New Taipei City,"8,026 ","9,189 ",8607 ,"9,262 ",19256 ,"29,219 ",20906 ,"21,181 ",20342 ,"20,039 ",16581 ,"9,651 ","192,259 ",,,,,,,,
National Scenic Areas,"草嶺古道系統(含遠望坑親水公園)
Caoling Historic Trail System (including Yuanwangkeng Riverside Park)",新北市 New Taipei City                        宜蘭縣 Yilan County,"12,127 ","17,008 ",12565 ,"20,157 ",24395 ,"26,685 ",28378 ,"20,577 ",22770 ,"31,236 ",114591 ,"23,492 ","353,981 ",,,,,,,,
,"大里遊客服務中心
Dali Visitor Center",宜蘭縣 Yilan County,"29,091 ","42,602 ",19143 ,"26,275 ",9334 ,"7,302 ",1436 ,"1,925 ",13943 ,"23,014 ",44864 ,"30,098 ","249,027 ",,,,,,,,
,"龜山島海域遊憩區
Turtle Island Coast Recreation Area",宜蘭縣 Yilan County,0 ,0 ,3618 ,"9,666 ",18325 ,"23,359 ",39579 ,"18,468 ",9462 ,"5,963 ",2329 ,0 ,"130,769 ",,,,,,,,
,"石城服務區
Shihcheng Service Area",宜蘭縣 Yilan County,"3,554 ","4,312 ",0 ,0 ,0 ,0 ,0 ,0 ,0 ,0 ,0 ,0 ,"7,866 ",,,,,,,,
,"北關海潮公園
Beiguan Tidal Park",宜蘭縣 Yilan County,"16,025 ","14,599 ",13359 ,"13,799 ",15233 ,"16,225 ",25687 ,"18,987 ",15945 ,"14,665 ",13698 ,"15,459 ","193,681 ",,,,,,,,
,"外澳濱海遊憩區
Waiao Ocean Recreational Area",宜蘭縣 Yilan County,"12,531 ","30,772 ",8031 ,"13,329 ",19888 ,"24,898 ",53012 ,"30,566 ",24949 ,"25,445 ",12989 ,"11,755 ","268,165 ",,,,,,,,
,"南方澳遊客中心
Nanfangao Visitor Center",宜蘭縣 Yilan County,"21,526 ","27,761 ",16008 ,"16,172 ",16281 ,"23,199 ",24932 ,"19,034 ",18805 ,"28,890 ",20640 ,"21,698 ","254,946 ",,,,,,,,
,"東部海岸國家風景區
East Coast National Scenic Area ",,,,,,,,,,,,,,,,,,,,,,
,"秀姑巒溪泛舟
Siouguluan River",花蓮縣 Hualien County,"23,338 ","20,628 ",22421 ,"22,461 ",25745 ,"29,345 ",43846 ,"32,637 ",15036 ,"18,112 ",14960 ,"17,073 ","285,602 ",,,,,,,,
,"石梯坪
Shihtiping",花蓮縣 Hualien County,"42,817 ","135,557 ",129744 ,"157,176 ",86206 ,"119,463 ",114034 ,"173,733 ",164826 ,"134,561 ",180777 ,"180,354 ","1,619,248 ",,,,,,,,
,"磯崎海水浴場◎
Jici Beach",花蓮縣 Hualien County,0 ,"8,356 ",1109 ,"1,568 ",667 ,848 ,3623 ,"3,804 ",1030 ,107 ,0 ,0 ,"21,112 ",,,,,,,,
,"花蓮管理站遊客中心
Hualien Ranger Station Visitor Center",花蓮縣 Hualien County,"3,910 ","6,227 ",3651 ,"3,856 ",4585 ,"5,778 ",6081 ,"5,121 ",4224 ,"4,497 ",3979 ,"3,540 ","55,449 ",,,,,,,,
,"花蓮海洋公園◎
Hualien Ocean Park",花蓮縣 Hualien County,"16,831 ","64,915 ",24570 ,"38,110 ",27150 ,"47,930 ",85404 ,"84,076 ",36674 ,"48,210 ",35710 ,"25,586 ","535,166 ",,,,,,,,
,"小野柳(加路蘭)
Jialulan",臺東縣 Taitung County,"11,946 ","30,476 ",15492 ,"24,431 ",17479 ,"18,278 ",27800 ,"25,745 ",14412 ,"20,851 ",18252 ,"15,091 ","240,253 ",,,,,,,,
國家風景區,"三仙臺
Sansiantai",臺東縣 Taitung County,"39,428 ","75,932 ",57752 ,"70,801 ",55161 ,"51,975 ",72764 ,"67,471 ",47920 ,"61,439 ",60348 ,"54,026 ","715,017 ",,,,,,,,
,"八仙洞
Basian Cave",臺東縣 Taitung County,"4,054 ","45,457 ",5778 ,"7,790 ",5919 ,"7,354 ",10474 ,"10,446 ",6034 ,"7,640 ",6975 ,"6,041 ","123,962 ",,,,,,,,
,"綠島
Lyudao ( Green Island )",臺東縣 Taitung County,"5,615 ","16,406 ",11160 ,"32,678 ",33999 ,"46,135 ",69856 ,"51,699 ",32166 ,"22,393 ",9015 ,"6,274 ","337,396 ",,,,,,,,
,"都歷處本部
East Coast National Scenic Area Administration Headquarters",臺東縣 Taitung County,0 ,0 ,0 ,0 ,0 ,0 ,0 ,0 ,0 ,0 ,0 ,"8,287 ","8,287 ",,,,,,,,
,"澎湖國家風景區
Penghu National Scenic Area",,,,,,,,,,,,,,,,,,,,,,
National Scenic Areas,"澎湖遊客中心
Penghu Visitor Center",澎湖縣 Penghu County,"1,462 ","1,692 ",4315 ,"16,928 ",24397 ,"24,348 ",27024 ,"19,653 ",15932 ,"7,161 ",2767 ,"2,323 ","148,002 ",,,,,,,,
,"南海遊客中心
South Sea Visitor Center",澎湖縣 Penghu County,"6,827 ","7,188 ",12081 ,"46,242 ",69604 ,"75,042 ",79350 ,"55,929 ",41836 ,"15,148 ",6711 ,"5,915 ","421,873 ",,,,,,,,
,"北海遊客中心
North Sea Visitor Center",澎湖縣 Penghu County,"4,143 ","4,837 ",7285 ,"26,556 ",48752 ,"60,942 ",72544 ,"51,306 ",31751 ,"6,224 ",2195 ,"1,878 ","318,413 ",,,,,,,,
,"吉貝遊客中心
Jibei Visitor Center",澎湖縣 Penghu County,"1,991 ","2,175 ",3762 ,"27,084 ",49514 ,"63,824 ",75737 ,"53,218 ",31075 ,"7,067 ",2480 ,"1,977 ","319,904 ",,,,,,,,
,"澎湖水族館
Penghu Aquarium",澎湖縣 Penghu County,763 ,"3,413 ",3603 ,"12,896 ",16152 ,"18,074 ",25497 ,"18,818 ",10787 ,"4,995 ",2796 ,809 ,"118,603 ",,,,,,,,
,"西嶼西臺
Siyu Western Fort",澎湖縣 Penghu County,684 ,456 ,2039 ,"10,186 ",15203 ,"15,895 ",19253 ,"13,158 ",8521 ,"3,537 ",1377 ,798 ,"91,107 ",,,,,,,,
,小門地質展示中心                                                                                 Siaomen Geology Gallery,澎湖縣 Penghu County,"3,420 ","5,893 ",7631 ,"19,216 ",33920 ,"31,399 ",40101 ,"31,694 ",22995 ,"11,186 ",3225 ,"1,798 ","212,478 ",,,,,,,,
,"綠蠵龜觀光保育中心 
Green Turtle Tourism and Conservation Center",澎湖縣 Penghu County,0 ,132 ,1619 ,"25,624 ",44660 ,"45,237 ",58341 ,"42,185 ",22688 ,"4,218 ",396 ,0 ,"245,100 ",,,,,,,,
,"七美人塚◎
Seven Beauties Tomb",澎湖縣 Penghu County,0 ,0 ,0 ,"5,048 ",7033 ,"4,788 ",4394 ,"2,329 ",1967 ,106 ,106 ,0 ,"25,771 ",,,,,,,,
,"大鵬灣國家風景區
Dapeng Bay National Scenic Area",,,,,,,,,,,,,,,,,,,,,,
,"琉球風景區
Liouciou Scenic Area",屏東縣 Pingtung County,"9,258 ","29,806 ",17576 ,"39,396 ",27342 ,"44,724 ",54000 ,"49,668 ",32568 ,"36,301 ",25657 ,"12,495 ","378,791 ",,,,,,,,
,"大鵬營區
Dapeng Camp",屏東縣 Pingtung County,"3,487 ","22,558 ",1631 ,"7,000 ",8366 ,"26,824 ",33366 ,"11,629 ",10482 ,"20,479 ",30638 ,"28,863 ","205,323 ",,,,,,,,
,"花東縱谷國家風景區
East Rift Valley National Scenic Area ",,,,,,,,,,,,,,,,,,,,,,
,"鯉魚潭風景特定區
Liyu Lake Scenic Area",花蓮縣 Hualien County,"82,446 ","244,707 ",78665 ,"96,887 ",80036 ,"92,375 ",128127 ,"111,638 ",80676 ,"83,745 ",85079 ,"90,334 ","1,254,715 ",,,,,,,,
,池南國家森林遊樂區◎                                                                           Chihnan National Forest Recreation Area,花蓮縣 Hualien County,"1,092 ","5,200 ",2736 ,"4,855 ",2770 ,"2,191 ",3656 ,"3,793 ",2183 ,"2,765 ",3621 ,"2,118 ","36,980 ",,,,,,,,
,"新光兆豐休閒農場
Jhaofong Leisure Farm",花蓮縣 Hualien County,"11,849 ","37,676 ",14338 ,"19,828 ",15515 ,"17,170 ",27525 ,"24,997 ",12443 ,"15,700 ",14415 ,"11,318 ","222,774 ",,,,,,,,
,富源國家森林遊樂區◎                                                                          Fuyuan National Forest Recreation Area,花蓮縣 Hualien County,"3,175 ","9,670 ",4577 ,"5,302 ",3180 ,"5,136 ",6089 ,"5,566 ",3555 ,"4,145 ",4447 ,"3,819 ","58,661 ",,,,,,,,
,"花蓮觀光糖廠
Hualien Tourism Sugar Factory",花蓮縣 Hualien County,"22,873 ","86,261 ",37877 ,"42,604 ",77219 ,"60,044 ",90647 ,"101,308 ",50251 ,"42,730 ",35357 ,"26,211 ","673,382 ",,,,,,,,
,"立川漁場
Li Chuan Aquafarm",花蓮縣 Hualien County,"8,100 ","26,250 ",37877 ,"17,280 ",21000 ,"29,750 ",38680 ,"52,000 ",23580 ,"23,818 ",21000 ,"16,680 ","316,015 ",,,,,,,,
,"關山親水公園
Guanshan Water Park",臺東縣 Taitung County,"7,993 ","28,546 ",6779 ,"9,166 ",5935 ,"8,348 ",15187 ,"13,994 ",6017 ,"8,681 ",8181 ,"6,850 ","125,677 ",,,,,,,,
,"池上牧野渡假村
Chihshang Pastoral T.S.C",臺東縣 Taitung County,"4,411 ","11,959 ",4075 ,"7,894 ",3943 ,"5,956 ",12338 ,"12,020 ",5866 ,"6,520 ",7860 ,"7,607 ","90,449 ",,,,,,,,
國家風景區,"初鹿牧場
Chulu Pasturage",臺東縣 Taitung County,"22,101 ","76,259 ",20554 ,"27,505 ",16561 ,"29,160 ",57767 ,"51,853 ",22562 ,"25,873 ",23145 ,"22,670 ","396,010 ",,,,,,,,
,"鹿野高臺
Luyeh High Terrace",臺東縣 Taitung County,"13,135 ","48,025 ",22591 ,"30,114 ",28155 ,"79,711 ",117795 ,"86,074 ",30163 ,"31,712 ",27990 ,"22,982 ","538,447 ",,,,,,,,
,"原生應用植物園◎
Yuan Sen Applied Botanical Garden",臺東縣 Taitung County,"11,785 ","18,384 ",15120 ,"20,381 ",16598 ,"19,275 ",28718 ,"29,791 ",14617 ,"19,462 ",20419 ,"15,517 ","230,067 ",,,,,,,,
,"布農部落◎
Bunun Leisure Farming",臺東縣 Taitung County,"6,205 ","12,802 ",6567 ,"7,711 ",7065 ,"8,108 ",14070 ,"12,426 ",5431 ,"8,666 ",9110 ,"7,245 ","105,406 ",,,,,,,,
,"馬祖國家風景區
Matsu National Scenic Area ",,,,,,,,,,,,,,,,,,,,,,
National Scenic Areas,"北竿遊客中心
Beigan Visitor Center",連江縣 Lienchiang County ,643 ,"1,494 ",1388 ,"3,182 ",3941 ,"7,093 ",6820 ,"5,919 ",6860 ,"5,830 ",5228 ,"5,768 ","54,166 ",,,,,,,,
,"莒光遊客中心
Juguang Visitor Center",連江縣 Lienchiang County ,280 ,690 ,566 ,"1,543 ",1552 ,"2,583 ",2637 ,"2,209 ",1813 ,"1,939 ",925 ,320 ,"17,057 ",,,,,,,,
,"東引遊客中心
Dongyin Visitor Center",連江縣 Lienchiang County ,202 ,500 ,537 ,474 ,1451 ,"1,936 ",2102 ,"1,726 ",1467 ,811 ,346 ,341 ,"11,893 ",,,,,,,,
,"南竿遊客中心
Nangan Visitor Center",連江縣 Lienchiang County ,"1,088 ","1,691 ",2454 ,"3,921 ",4107 ,"7,538 ",9183 ,"8,079 ",10106 ,"8,073 ",5507 ,"6,066 ","67,813 ",,,,,,,,
,"日月潭國家風景區
Sun Moon Lake National Scenic Area",,,,,,,,,,,,,,,,,,,,,,
,"日月潭風景區
The Sunmoonlake Scenic Area",南投縣 Nantou County,"278,025 ","781,181 ",501699 ,"405,240 ",267023 ,"307,550 ",318434 ,"347,076 ",264556 ,"329,396 ",300250 ,"293,990 ","4,394,420 ",,,,,,,,
,"九族文化村◎
Formosan Aboriginal Culture Village",南投縣 Nantou County,"61,431 ","248,414 ",125732 ,"73,767 ",46875 ,"73,213 ",67034 ,"77,647 ",47688 ,"68,049 ",65689 ,"66,204 ","1,021,743 ",,,,,,,,
,"水里蛇窯
Shueili Snake Kiln",南投縣 Nantou County,"4,625 ","11,060 ",4578 ,"4,389 ",3374 ,"4,318 ",5658 ,"5,712 ",3933 ,"3,723 ",4565 ,"5,404 ","61,339 ",,,,,,,,
,"車埕
Checheng",南投縣 Nantou County,"92,856 ","141,491 ",104212 ,"100,181 ",93406 ,"99,935 ",103341 ,"104,348 ",98865 ,"103,880 ",107039 ,"88,205 ","1,237,759 ",,,,,,,,
,"參山國家風景區
Tri-Mountain National Scenic Area",,,,,,,,,,,,,,,,,,,,,,
,"獅頭山風景區
Lion's Head Mountain Scenic Area","新竹縣 Hsinchu County
苗栗縣 Miaoli County","619,511 ","669,319 ",428149 ,"611,454 ",379358 ,"511,943 ",409037 ,"392,225 ",362987 ,"378,586 ",304713 ,"313,828 ","5,381,110 ",,,,,,,,
,"梨山遊憩區
Lishan Recreation Area",臺中市 Taichung City,"27,885 ","71,809 ",49922 ,"21,838 ",19793 ,"27,433 ",26732 ,"20,247 ",15479 ,"28,896 ",56189 ,"24,377 ","390,600 ",,,,,,,,
,"谷關遊憩區
Guguan Recreation Area",臺中市 Taichung City,"163,651 ","169,457 ",76114 ,"151,663 ",158041 ,"146,663 ",99236 ,"114,922 ",247107 ,"193,097 ",129656 ,"137,190 ","1,786,797 ",,,,,,,,
,"八卦山風景區
Mt. Bagua Scenic Area","彰化縣 Changhua County
南投縣 Nantou County","383,462 ","787,360 ",435649 ,"383,242 ",290043 ,"374,177 ",314491 ,"255,297 ",294803 ,"278,349 ",321750 ,"307,462 ","4,426,085 ",,,,,,,,
,"阿里山國家風景區
Alishan National Scenic Area ",,,,,,,,,,,,,,,,,,,,,,
,"瑞太遊客服務中心
Rueili-Taihe Visitor Center",嘉義縣 Chiayi County,"1,644 ","7,600 ",3050 ,"4,103 ",1997 ,"2,291 ",2059 ,"3,198 ",1970 ,"2,873 ",2916 ,"2,733 ","36,434 ",,,,,,,,
,"圓潭自然生態園區
Yuantan Ecological Park",嘉義縣 Chiayi County,"4,051 ","14,514 ",9329 ,"9,556 ",8484 ,"8,482 ",9287 ,"7,102 ",6309 ,"8,167 ",6446 ,"8,349 ","100,076 ",,,,,,,,
,阿里山國家森林遊樂區◎                                                                      Alishan National Forest Recreation Area,嘉義縣 Chiayi County,"150,852 ","186,552 ",298672 ,"230,723 ",140853 ,"138,049 ",146244 ,"145,546 ",134402 ,"143,538 ",172775 ,"175,360 ","2,063,566 ",,,,,,,,
,"達娜伊谷
Danayigu",嘉義縣 Chiayi County,"2,102 ","5,337 ",5132 ,"5,334 ",4029 ,"5,192 ",4729 ,"3,849 ",4148 ,"5,109 ",6588 ,"6,226 ","57,775 ",,,,,,,,
,"茂林國家風景區
Maolin National Scenic Area",,,,,,,,,,,,,,,,,,,,,,
國家風景區,茂林風景區〈含情人谷、多納溫泉〉                                                                                                                           Maolin Scenic Area (including Lovers' Valley and Duona Springs),高雄市 Kaohsiung City,"6,733 ","33,254 ",4130 ,"2,146 ",2400 ,"2,946 ",1983 ,"2,240 ",2787 ,"2,998 ",10015 ,"15,667 ","87,299 ",,,,,,,,
,"寶來、不老溫泉區
Boalai, Bulao Hot Springs",高雄市 Kaohsiung City,"7,701 ","12,326 ",7488 ,"4,499 ",3111 ,"3,576 ",2601 ,"3,126 ",1890 ,"3,666 ",7476 ,"6,843 ","64,303 ",,,,,,,,
,"臺灣原住民文化園區
Taiwan Aboriginal Culture Park",屏東縣 Pingtung County,"16,646 ","85,228 ",23973 ,"21,881 ",19588 ,"16,854 ",20221 ,"18,123 ",14781 ,"20,952 ",24391 ,"26,629 ","309,267 ",,,,,,,,
,"賽嘉遊憩區
Saijia Recreation Area",屏東縣 Pingtung County,"1,761 ","8,020 ",1610 ,"2,188 ",1344 ,"1,937 ",1600 ,"1,518 ",2065 ,"2,281 ",2337 ,"2,174 ","28,835 ",,,,,,,,
,"霧臺遊憩區
Wutai Recreation Area",屏東縣 Pingtung County,"3,899 ","16,998 ",4059 ,"3,040 ",1871 ,"2,482 ",2572 ,"1,886 ",1858 ,"11,485 ",12661 ,"13,180 ","75,991 ",,,,,,,,
National Scenic Areas,"瑪家遊客中心
Majia Visitor Center",屏東縣 Pingtung County,"13,835 ","19,986 ",10130 ,"10,396 ",8775 ,"14,057 ",11021 ,"3,081 ",8916 ,"10,700 ",8141 ,"9,794 ","128,832 ",,,,,,,,
,"北海岸及觀音山國家風景區
North Coast & Guanyinshan National Scenic Area     ",,,,,,,,,,,,,,,,,,,,,,
,"野柳風景區
Yeliou Scenic Area",新北市 New Taipei City,"176,770 ","210,705 ",264688 ,"291,090 ",222288 ,"202,610 ",208315 ,"237,960 ",223908 ,"225,973 ",267157 ,"248,634 ","2,780,098 ",,,,,,,,
,"野柳海洋世界◎
Yeliou Ocean World",新北市 New Taipei City,"3,290 ","7,393 ",7820 ,"8,873 ",12577 ,"13,536 ",8992 ,"13,602 ",10649 ,"15,250 ",20408 ,"11,755 ","134,145 ",,,,,,,,
,"金山遊客中心
Jinshan Visitor Center",新北市 New Taipei City,"9,322 ","13,267 ",15558 ,"14,748 ",14345 ,"13,716 ",15709 ,"13,973 ",16225 ,"22,549 ",18546 ,"12,410 ","180,368 ",,,,,,,,
,"三芝遊客中心
Sanjhih Visitor Center",新北市 New Taipei City,"8,324 ","38,144 ",25040 ,"10,980 ",10222 ,"12,174 ",10776 ,"11,258 ",11607 ,"17,080 ",12383 ,"6,351 ","174,339 ",,,,,,,,
,"金山溫泉館
Jinshan Hot-Spring Gym Pool",新北市 New Taipei City,881 ,"2,088 ",768 ,624 ,666 ,817 ,738 ,975 ,911 ,888 ,818 ,"1,252 ","11,426 ",,,,,,,,
,"白沙灣
Baishawan",新北市 New Taipei City,"14,782 ","26,695 ",34682 ,"30,566 ",59157 ,"134,739 ",112727 ,"81,096 ",94663 ,"38,190 ",26148 ,"14,234 ","667,679 ",,,,,,,,
,"翡翠灣濱海遊樂區◎
Green Bay",新北市 New Taipei City,"9,787 ","7,952 ",10522 ,"11,004 ",9161 ,"16,647 ",17830 ,"20,244 ",12204 ,"9,106 ",8325 ,"8,161 ","140,943 ",,,,,,,,
,"觀音山
Guanyinshan",新北市 New Taipei City,"45,139 ","66,414 ",59722 ,"42,693 ",72517 ,"109,655 ",88280 ,"77,827 ",120321 ,"64,939 ",85549 ,"44,303 ","877,359 ",,,,,,,,
,"雲嘉南濱海國家風景區
Southwest Coast National Scenic Area",,,,,,,,,,,,,,,,,,,,,,
,"布袋遊客中心
Budai Visitor Center",嘉義縣 Chiayi County,"4,655 ","23,053 ",5061 ,"5,692 ",5527 ,"7,484 ",5519 ,"5,248 ",5374 ,"6,649 ",4256 ,"3,482 ","82,000 ",,,,,,,,
,"七股鹽山
Cigu Salt Mountains",臺南市 Tainan City,"46,358 ","134,667 ",49298 ,"51,702 ",66353 ,"75,181 ",55029 ,"54,522 ",44456 ,"53,124 ",56855 ,"49,372 ","736,917 ",,,,,,,,
,"臺灣鹽博物館◎
Taiwan Salt Museum",臺南市 Tainan City,"6,035 ","17,923 ",5256 ,"6,918 ",10152 ,"11,354 ",9294 ,"9,339 ",4465 ,"6,391 ",4279 ,"4,631 ","96,037 ",,,,,,,,
,"北門遊客中心
Beimen Visitor Center",臺南市 Tainan City,"11,239 ","31,267 ",14463 ,"18,429 ",15861 ,"14,699 ",13531 ,"12,118 ",12762 ,"18,398 ",18778 ,"23,309 ","204,854 ",,,,,,,,
,"井仔腳瓦盤鹽田
Jingzaijiao Tile-paved Salt Fields",臺南市 Tainan City,"11,443 ","24,531 ",16249 ,"18,857 ",18256 ,"17,924 ",15435 ,"12,928 ",16227 ,"24,478 ",24452 ,"20,785 ","221,565 ",,,,,,,,
國家風景區,"西拉雅國家風景區
Siraya National Scenic Area",,,,,,,,,,,,,,,,,,,,,,
,"尖山埤江南渡假村◎
Jianshanbi Scenic Area ",臺南市 Tainan City,"9,796 ","23,028 ",14129 ,"19,173 ",10347 ,"8,700 ",12289 ,"8,854 ",13791 ,"29,303 ",28563 ,"28,358 ","206,331 ",,,,,,,,
,曾文水庫◎                                                                                                     Zengwun Dam,臺南市 Tainan City,"16,409 ","30,195 ",18378 ,"18,882 ",15932 ,"15,337 ",18354 ,"17,033 ",19527 ,"29,212 ",26167 ,"29,574 ","255,000 ",,,,,,,,
,"烏山頭水庫風景區◎
Wu Shan Tou Reservoir",臺南市 Tainan City,"7,811 ","42,191 ",19512 ,"9,380 ",13272 ,"15,707 ",17599 ,"16,409 ",14555 ,"16,906 ",15493 ,"12,756 ","201,591 ",,,,,,,,
,"虎頭埤風景區◎
Hutoubei Scenic Area",臺南市 Tainan City,"35,102 ","55,711 ",28505 ,"29,246 ",21437 ,"37,671 ",25625 ,"21,956 ",25996 ,"30,098 ",32534 ,"27,678 ","371,559 ",,,,,,,,
,"南元休閒農場
Nan Yuan Resort Farm",臺南市 Tainan City,"9,212 ","24,239 ",12519 ,"12,426 ",8805 ,"8,751 ",9003 ,"7,509 ",5805 ,"10,438 ",12130 ,"10,254 ","131,091 ",,,,,,,,
,"走馬瀨農場◎ 
Tsou-Ma-Lai Farm",臺南市 Tainan City,"186,603 ","316,622 ",37150 ,"44,095 ",28510 ,"33,532 ",45758 ,"28,574 ",22843 ,"62,765 ",37123 ,"31,751 ","875,326 ",,,,,,,,
,"墾丁國家公園
Kenting National Park",,,,,,,,,,,,,,,,,,,,,,
,"墾丁國家公園管理處遊客中心
Kenting National Park Headquarters Visitor Center",屏東縣 Pingtung County,"11,753 ","9,195 ",16339 ,"15,193 ",12788 ,"17,305 ",24518 ,"25,097 ",22366 ,"33,060 ",29364 ,"29,186 ","246,164 ",,,,,,,,
國家公園,"鵝鑾鼻公園
Eluanbi Park",屏東縣 Pingtung County,"75,749 ","116,169 ",97726 ,"136,287 ",119027 ,"108,756 ",147142 ,"142,143 ",102581 ,"139,502 ",115379 ,"118,162 ","1,418,623 ",,,,,,,,
,貓鼻頭公園                                                                                           Maobitou Park,屏東縣 Pingtung County,"148,567 ","172,044 ",212723 ,"295,292 ",206972 ,"160,380 ",204397 ,"197,884 ",164260 ,"190,992 ",190321 ,"21,254 ","2,165,086 ",,,,,,,,
,"墾丁國家森林遊樂區◎
Kenting National Forest Recreation Area",屏東縣 Pingtung County,"9,588 ","25,470 ",15292 ,"16,509 ",11597 ,"14,020 ",17931 ,"12,932 ",10315 ,"18,476 ",14474 ,"14,254 ","180,858 ",,,,,,,,
,"佳樂水
Jialeshuei",屏東縣 Pingtung County,"7,491 ","24,942 ",11958 ,"16,153 ",13660 ,"17,660 ",23259 ,"22,773 ",8882 ,"33,254 ",14573 ,"12,294 ","206,899 ",,,,,,,,
National Parks,社頂自然公園                                                                                         Sheding Nature Park,屏東縣 Pingtung County,"33,098 ","46,373 ",46200 ,"63,595 ",48090 ,"41,165 ",53738 ,"51,423 ",39141 ,"52,263 ",45765 ,"22,690 ","543,541 ",,,,,,,,
,"南灣遊憩區
Nanwam Recreation Area",屏東縣 Pingtung County,"12,128 ","26,542 ",22932 ,"28,384 ",33242 ,"48,756 ",56483 ,"38,306 ",27368 ,"20,686 ",15398 ,"12,064 ","342,289 ",,,,,,,,
,"龍鑾潭自然中心
Longluan Lake Nature Center",屏東縣 Pingtung County,"6,667 ","8,643 ",7484 ,"10,949 ",7902 ,"7,050 ",7603 ,"7,051 ",6752 ,"13,113 ",10663 ,"8,318 ","102,195 ",,,,,,,,
,"砂島貝殼砂展示館
Shadao Shell Beach Exhibition Hall",屏東縣 Pingtung County,"9,040 ","12,915 ",10575 ,"18,436 ",14320 ,"12,900 ",19940 ,"13,197 ",10520 ,"11,956 ",8635 ,"9,755 ","152,189 ",,,,,,,,
,"國立海洋生物博物館◎
National Museum of Marine Biology & Aquarium",屏東縣 Pingtung County,"43,106 ","132,311 ",71500 ,"91,478 ",89496 ,"118,851 ",187865 ,"187,865 ",112867 ,"112,374 ",84845 ,"67,998 ","1,300,556 ",,,,,,,,
,"玉山國家公園
Yushan National Park",,,,,,,,,,,,,,,,,,,,,,
,管理處遊客服務中心                                                                       Headquarters Visitor Center,南投縣 Nantou County,"14,978 ","9,523 ",9128 ,"9,833 ",8567 ,"10,890 ",10853 ,"11,071 ",9828 ,"12,708 ",10034 ,"12,272 ","129,685 ",,,,,,,,
,"排雲山莊
Paiyun Lodge",南投縣 Nantou County,464 ,29 ,1232 ,"1,989 ",1514 ,"3,815 ",3133 ,"2,632 ",2903 ,"3,582 ",3803 ,"2,841 ","27,937 ",,,,,,,,
,"塔塔加遊憩區
Tataka Recreation Area",南投縣 Nantou County                       嘉義縣 Chiayi County,"58,010 ","102,555 ",63474 ,"65,522 ",55806 ,"47,415 ",39634 ,"41,606 ",51046 ,"56,146 ",58063 ,"50,601 ","689,878 ",,,,,,,,
,"梅山遊客中心
Meishan Visitor Center","高雄市 Kaohsiung City
臺東縣 Taitung County","1,066 ","3,507 ",956 ,985 ,852 ,"1,001 ",1066 ,521 ,315 ,710 ,654 ,"1,805 ","13,438 ",,,,,,,,
,"南安遊客中心
Nanan Visitor Center",花蓮縣 Hualien County,"22,651 ","41,887 ",22030 ,"21,543 ",20112 ,"18,750 ",16512 ,"18,696 ",19749 ,"22,069 ",20930 ,"15,400 ","260,329 ",,,,,,,,
,"陽明山國家公園
Yangmingshan National Park",,,,,,,,,,,,,,,,,,,,,,
,"遊客中心
Visitor Center",臺北市 Taipei City,"18,133 ","66,380 ",28664 ,"13,106 ",14624 ,"12,856 ",14267 ,"10,917 ",8291 ,"8,156 ",7192 ,"6,792 ","209,378 ",,,,,,,,
,"陽明書屋
Yangmingshuwu",臺北市 Taipei City,"3,010 ","3,667 ",3804 ,"3,082 ",2826 ,"2,943 ",2817 ,"2,668 ",2550 ,"3,191 ",3748 ,"2,455 ","36,761 ",,,,,,,,
,"陽明公園
Yangming Park",臺北市 Taipei City,"114,000 ","768,000 ",582000 ,"76,000 ",35800 ,"27,500 ",44700 ,"42,500 ",38000 ,"35,000 ",32500 ,"31,000 ","1,827,000 ",,,,,,,,
,"童軍露營場
Boy Scout Campground",臺北市 Taipei City,991 ,"1,318 ",1056 ,"1,050 ",3543 ,"1,028 ",6480 ,"2,210 ",1507 ,"1,132 ",1119 ,625 ,"22,059 ",,,,,,,,
,"大屯遊憩區
Datun Recreation Area",臺北市 Taipei City,"23,629 ","41,333 ",60660 ,"30,168 ",44126 ,"122,164 ",101522 ,"100,871 ",49849 ,"47,142 ",52135 ,"22,932 ","696,531 ",,,,,,,,
,"龍鳳谷遊憩區
Longfonggu Recreation Area",臺北市 Taipei City,"21,683 ","38,987 ",45769 ,"66,359 ",16353 ,"20,637 ",15077 ,"19,399 ",17461 ,"18,297 ",23211 ,"17,523 ","320,756 ",,,,,,,,
國家公園,"小油坑遊憩區
Xiaoyoukeng Recration Area",臺北市 Taipei City,"19,162 ","19,997 ",38851 ,"28,281 ",24669 ,"39,041 ",26927 ,"25,852 ",22187 ,"29,937 ",31949 ,"21,653 ","328,506 ",,,,,,,,
,"太魯閣國家公園
Taroko National Park",,,,,,,,,,,,,,,,,,,,,,
,"太魯閣國家公園遊客中心
Taroko National Park Visitor Center",花蓮縣 Hualien County,"62,312 ","91,263 ",67773 ,"102,049 ",233008 ,"218,032 ",208832 ,"168,460 ",139764 ,"179,035 ",139871 ,"156,056 ","1,766,455 ",,,,,,,,
,"布洛灣遊憩區
Pulowan Recreation Area",花蓮縣 Hualien County,"30,563 ","57,860 ",40306 ,"46,412 ",7698 ,"8,095 ",18321 ,"32,203 ",24482 ,"25,700 ",34686 ,"49,005 ","375,331 ",,,,,,,,
National Parks,"臺八線沿線景觀區
Provincial Highway 8 Scenic Area",花蓮縣 Hualien County,"263,263 ","295,700 ",306227 ,"333,086 ",135639 ,"138,866 ",201261 ,"225,261 ",148735 ,"176,266 ",189017 ,"221,375 ","2,634,696 ",,,,,,,,
,"雪霸國家公園
Shei-pa National Park",,,,,,,,,,,,,,,,,,,,,,
,"汶水遊客中心
Wenshui Visitor Center",苗栗縣 Miaoli County,"20,091 ","54,228 ",63631 ,"44,743 ",79502 ,"63,388 ",68177 ,"69,312 ",67085 ,"140,744 ",113390 ,"86,738 ","871,029 ",,,,,,,,
,"觀霧遊客中心
Guanwu Visitor Center",苗栗縣 Miaoli County,"2,524 ","9,039 ",5471 ,"6,330 ",5780 ,"6,051 ",4016 ,436 ,1783 ,"3,378 ",4940 ,"4,098 ","53,846 ",,,,,,,,
,"雪見遊憩區
Xuejian Recreation Area",苗栗縣 Miaoli County,"1,755 ","12,806 ",5842 ,"4,265 ",5731 ,"9,837 ",4956 ,0 ,0 ,0 ,0 ,"4,796 ","49,988 ",,,,,,,,
,"武陵遊客中心
Wuling Visitor Center",臺中市 Taichung City,"16,014 ","46,340 ",19165 ,"10,691 ",7928 ,"8,966 ",17602 ,"18,843 ",8359 ,"12,813 ",18255 ,"11,618 ","196,594 ",,,,,,,,
,武陵國家森林遊樂區◎                                                                           Wuling National Forest Recreation Area,臺中市 Taichung City,"32,308 ","70,487 ",30196 ,"16,114 ",12324 ,"19,848 ",34676 ,"29,811 ",15817 ,"25,057 ",47631 ,"34,311 ","368,580 ",,,,,,,,
,金門國家公園                                                                                             Kinmen National Park,,,,,,,,,,,,,,,,,,,,,,
,"中山林遊客中心
Jhongshanlin Visitor Center",金門縣 Kinmen County ,"6,050 ","7,470 ",7581 ,"12,419 ",13502 ,"13,850 ",17729 ,"7,993 ",12372 ,"13,531 ",11192 ,"8,508 ","132,197 ",,,,,,,,
,"翟山坑道
Jhaishan Tunnel",金門縣 Kinmen County ,"15,021 ","18,045 ",23843 ,"36,589 ",32130 ,"38,113 ",41179 ,"38,467 ",31818 ,"36,202 ",35983 ,"26,087 ","373,477 ",,,,,,,,
,"雙鯉溼地自然中心
Shuangli Welands Nature Center",金門縣 Kinmen County ,"8,143 ","11,483 ",10853 ,"16,789 ",21148 ,"24,923 ",25661 ,"22,217 ",18504 ,"14,173 ",5154 ,"13,751 ","192,799 ",,,,,,,,
,古寧頭戰史館                                                                                        Guniungtou War Museum,金門縣 Kinmen County ,"8,485 ","10,456 ",11577 ,"15,635 ",20982 ,"24,272 ",26417 ,"23,035 ",20444 ,"24,478 ",18244 ,"12,251 ","216,276 ",,,,,,,,
,"民俗文化村◎
Shanhou  Folk Cultural Village",金門縣 Kinmen County ,"4,591 ","8,231 ",6339 ,"10,168 ",14312 ,"14,476 ",16144 ,"14,342 ",13133 ,"15,203 ",12738 ,"7,359 ","137,036 ",,,,,,,,
"國
家
公
園","九宮(四維)坑道
Jiougong(Sih Wei) Tunnel",金門縣 Kinmen County ,"3,037 ","5,795 ",4833 ,"6,445 ",12072 ,"14,013 ",15258 ,"11,884 ",12434 ,"12,907 ",9762 ,"5,407 ","113,847 ",,,,,,,,
,八二三砲戰紀念館                                                                                  Auguest 23rd Bombardment Memorial Hall,金門縣 Kinmen County ,"6,080 ","9,864 ",8008 ,"10,752 ",15390 ,"16,648 ",18835 ,"16,316 ",14175 ,"15,653 ",11830 ,"8,251 ","151,802 ",,,,,,,,
,"湖井頭戰史館
Hujingtou Battle Museum",金門縣 Kinmen County ,"3,291 ","6,137 ",5202 ,"9,076 ",12773 ,"14,409 ",16005 ,"12,473 ",12276 ,"13,166 ",9725 ,"6,010 ","120,543 ",,,,,,,,
,"金水學校
Jinshuei Elementary School",金門縣 Kinmen County ,"9,314 ","11,811 ",13589 ,"18,722 ",18811 ,"18,106 ",21850 ,"20,833 ",15873 ,"18,702 ",21370 ,"11,731 ","200,712 ",,,,,,,,
,"蔣經國先生紀念館
Chiang Ching-Kuo Memorial Hall",金門縣 Kinmen County ,"7,680 ","9,642 ",13898 ,"20,129 ",21619 ,"18,761 ",18833 ,"17,542 ",16437 ,"20,094 ",19612 ,"13,146 ","197,393 ",,,,,,,,
,情人湖公園                                                                                               Cingrenhu Park,基隆市 Keelung City,"15,725 ","18,000 ",19383 ,"20,930 ",17740 ,"19,540 ",14830 ,"17,490 ",21670 ,"21,381 ",21477 ,"16,260 ","224,426 ",,,,,,,,
,"國立故宮博物院
National Palace Museum",臺北市 Taipei City,"302,874 ","314,141 ",374477 ,"389,010 ",326807 ,"333,054 ",376952 ,"450,939 ",376957 ,"359,249 ",410667 ,"397,288 ","4,412,415 ",,,,,,,,
,"市立美術館
Taipei Fine Arts Museum",臺北市 Taipei City,"26,514 ","25,399 ",24616 ,"27,199 ",22572 ,"17,795 ",21476 ,"44,209 ",29244 ,"37,955 ",38532 ,"45,416 ","360,927 ",,,,,,,,
,"國民革命忠烈祠
National Revolutionary Martyr' Shrine",臺北市 Taipei City,"141,196 ","137,904 ",124490 ,"131,826 ",142148 ,"116,191 ",123377 ,"143,294 ",144485 ,"176,697 ",187125 ,"168,160 ","1,736,893 ",,,,,,,,
公營遊憩區,"國立歷史博物館
National Museum of History",臺北市 Taipei City,"41,224 ","64,728 ",53382 ,"72,681 ",63243 ,"34,300 ",40768 ,"45,077 ",49175 ,"24,644 ",36753 ,"61,336 ","587,311 ",,,,,,,,
,"國立臺灣科學教育館
National Taiwan Science Education Center",臺北市 Taipei City,"205,389 ","293,358 ",100381 ,"159,628 ",130327 ,"170,787 ",284880 ,"332,002 ",107545 ,"112,393 ",182259 ,"123,501 ","2,202,450 ",,,,,,,,
,"國立臺灣藝術教育館
National Taiwan Arts Education Center",臺北市 Taipei City,"30,161 ","35,498 ",31061 ,"29,447 ",30424 ,"29,643 ",26092 ,"24,951 ",26480 ,"35,695 ",19518 ,"30,515 ","349,485 ",,,,,,,,
,市立動物園                                                                                                    Taipei Zoo,臺北市 Taipei City,"223,547 ","443,432 ",279716 ,"220,043 ",184707 ,"198,782 ",248647 ,"274,368 ",232015 ,"341,164 ",343537 ,"232,701 ","3,222,659 ",,,,,,,,
,"臺北市立兒童育樂中心圓山園區
Taipei Children's Recreation Center",臺北市 Taipei City,"86,211 ","151,020 ",85701 ,"72,463 ",57341 ,"82,590 ",84973 ,"135,970 ",69208 ,"72,532 ",81804 ,"46,142 ","1,025,955 ",,,,,,,,
Government Sites,"市立天文科學教育館
Taipei Astronomical Museum",臺北市 Taipei City,"37,131 ","34,535 ",46629 ,"63,816 ",50076 ,"43,603 ",78299 ,"88,123 ",59834 ,"48,239 ",54538 ,"53,374 ","658,197 ",,,,,,,,
,"國父紀念館
National Dr. Sun Yat-Sen Memorial Hall",臺北市 Taipei City,"584,810 ","540,307 ",581583 ,"745,653 ",679983 ,"575,310 ",688101 ,"694,394 ",581589 ,"540,200 ",635299 ,"615,442 ","7,462,671 ",,,,,,,,
,"士林官邸公園
Chiang Kai-Shek Shihlin Residence Park",臺北市 Taipei City,"113,000 ","108,925 ",199510 ,"121,000 ",125000 ,"96,000 ",89000 ,"68,000 ",71000 ,"75,000 ",431720 ,"135,080 ","1,633,235 ",,,,,,,,
,"國立中正紀念堂
National Chiang Kai-Shek Memorial Hall",臺北市 Taipei City,"457,299 ","505,442 ",558320 ,"547,418 ",543462 ,"519,881 ",506791 ,"561,403 ",464775 ,"559,038 ",532798 ,"551,110 ","6,307,737 ",,,,,,,,
,"臺北自來水園區
Taipei Water Park",臺北市 Taipei City,"55,206 ","69,668 ",87867 ,"80,336 ",92283 ,"161,467 ",154981 ,"125,820 ",66307 ,"86,149 ",108169 ,"80,298 ","1,168,551 ",,,,,,,,
,"臺北探索館
Discovery Center of Taipei",臺北市 Taipei City,"12,365 ","10,433 ",25752 ,"14,843 ",16647 ,"22,493 ",26124 ,"22,757 ",14860 ,"16,595 ",40107 ,"38,171 ","261,147 ",,,,,,,,
,"凱達格蘭文化館
Ketagalan Culture Center",臺北市 Taipei City,"23,525 ","10,963 ",20176 ,"17,608 ",20151 ,"21,991 ",21258 ,"20,403 ",18543 ,"23,572 ",23459 ,"29,911 ","251,560 ",,,,,,,,
,"坪林茶業博物館
Pinglin Tea Museum",新北市 New Taipei City,"11,692 ","23,006 ",14525 ,"18,119 ",18298 ,"23,070 ",19724 ,"22,016 ",18562 ,"21,785 ",21557 ,"20,666 ","233,020 ",,,,,,,,
,"新北市立鶯歌陶瓷博物館
Taipei County Yingge Ceramics Museum",新北市 New Taipei City,"68,677 ","107,202 ",77734 ,"104,009 ",71979 ,"85,399 ",126361 ,"153,677 ",73165 ,"91,201 ",82946 ,"79,193 ","1,121,543 ",,,,,,,,
,"烏來風景特定區
Wulai Special Scenic Area",新北市 New Taipei City,"102,498 ","186,584 ",74264 ,"66,564 ",60092 ,"62,885 ",83050 ,"81,624 ",76017 ,"72,050 ",83896 ,"82,432 ","1,031,956 ",,,,,,,,
,"碧潭風景特定區
Bitan Special Scenic Area",新北市 New Taipei City,"52,530 ","112,190 ",63960 ,"122,800 ",105580 ,"152,480 ",130450 ,"89,030 ",85180 ,"138,000 ",123600 ,"130,537 ","1,306,337 ",,,,,,,,
,"新北市客家文化園區
Taipei County Hakka Museum",新北市 New Taipei City,"37,046 ","44,032 ",60067 ,"58,317 ",74090 ,"100,608 ",67620 ,"83,965 ",82568 ,"85,832 ",87605 ,"71,022 ","852,772 ",,,,,,,,
,十分旅遊服務中心                                                                                         Shihfen Sightseeing Service Center,新北市 New Taipei City,"50,045 ","584,315 ",65000 ,"109,181 ",87300 ,"88,000 ",102000 ,"77,920 ",81000 ,"99,000 ",98400 ,"68,159 ","1,510,320 ",,,,,,,,
,"淡水漁人碼頭
Tamshui Fishman's Wharf",新北市 New Taipei City,"225,868 ","270,694 ",279935 ,"235,451 ",254444 ,"273,709 ",270914 ,"271,930 ",242708 ,"251,955 ",260467 ,"229,430 ","3,067,505 ",,,,,,,,
公營遊憩區,"瑞芳風景特定區
Rueifan Special Scenic Area",新北市 New Taipei City,"213,821 ","131,165 ",216932 ,"220,285 ",224589 ,"173,492 ",207746 ,"205,056 ",234581 ,"245,000 ",284767 ,"197,381 ","2,554,815 ",,,,,,,,
,"新北市立十三行博物館
Taipei County Shinsanhang Museum of Archaeology",新北市 New Taipei City,"35,547 ","86,186 ",49799 ,"65,153 ",79679 ,"74,164 ",75049 ,"80,141 ",57239 ,"89,903 ",100136 ,"48,313 ","841,309 ",,,,,,,,
,"新北市黃金博物園區
Taipei County Gold Ecological Park",新北市 New Taipei City,"100,379 ","153,691 ",133310 ,"130,318 ",128460 ,"157,598 ",175310 ,"201,786 ",146095 ,"174,478 ",168765 ,"152,058 ","1,822,248 ",,,,,,,,
,"猴硐煤礦博物園區
Houtong coalmine Ecological Park",新北市 New Taipei City,"44,699 ","66,546 ",40155 ,"57,978 ",57032 ,"58,514 ",50451 ,"44,520 ",37256 ,"48,800 ",40540 ,"42,234 ","588,725 ",,,,,,,,
,"航空科學館 
Aviation Museum",桃園縣 Taoyuan County,"12,413 ","15,603 ",13165 ,"17,330 ",14212 ,"18,827 ",23040 ,"27,802 ",15355 ,"17,346 ",15934 ,"12,521 ","203,548 ",,,,,,,,
Government Sites,石門水庫風景區                                                                                        Shihmen Reservoir,桃園縣 Taoyuan County,"104,337 ","142,162 ",89139 ,"95,748 ",84805 ,"85,486 ",100573 ,"90,687 ",90931 ,"130,330 ",102221 ,"210,750 ","1,327,169 ",,,,,,,,
,"慈湖
Cihu",桃園縣 Taoyuan County,"374,220 ","326,870 ",314840 ,"293,880 ",239600 ,"260,810 ",326740 ,"294,983 ",256083 ,"319,990 ",319340 ,"265,460 ","3,592,816 ",,,,,,,,
,"木雕博物館
Miaoli Woodsculpture Museum",苗栗縣 Miaoli County,"6,106 ","10,686 ",6272 ,"14,383 ",11069 ,"11,548 ",9518 ,"13,900 ",8940 ,"10,752 ",9102 ,"7,615 ","119,891 ",,,,,,,,
,國立自然科學博物館                                                                                 National Museum of Natural Science,臺中市 Taichung City,"246,255 ","341,720 ",284650 ,"299,082 ",285888 ,"240,907 ",347513 ,"357,382 ",222636 ,"314,735 ",244915 ,"210,116 ","3,395,799 ",,,,,,,,
,臺中公園                                                                                                      Taichung Park,臺中市 Taichung City,"89,326 ","102,787 ",66398 ,"65,741 ",62238 ,"73,105 ",91112 ,"398,061 ",388131 ,"151,339 ",169934 ,"132,089 ","1,790,261 ",,,,,,,,
,"大坑登山步道
Ta-Keng Hiking Path ",臺中市 Taichung City,"210,470 ","229,048 ",144559 ,"198,354 ",192069 ,"209,822 ",223028 ,"511,131 ",473393 ,"237,552 ",238979 ,"201,539 ","3,069,944 ",,,,,,,,
,福壽山農場                                                                                           Fushoushan Farm,臺中市 Taichung City,"6,578 ","17,057 ",11825 ,"6,221 ",5336 ,"8,402 ",17700 ,"14,547 ",9223 ,"19,758 ",47380 ,"17,353 ","181,380 ",,,,,,,,
公營遊憩區,"后里馬場
Houli Race Course",臺中市 Taichung City,"74,935 ","98,572 ",58997 ,"58,057 ",51988 ,"52,863 ",63986 ,"101,268 ",125450 ,"102,573 ",81775 ,"70,779 ","941,243 ",,,,,,,,
,"梧棲觀光漁港
Wuci Tourist Fish Port",臺中市 Taichung City,"92,362 ","133,340 ",100983 ,"89,610 ",113200 ,"124,830 ",123953 ,"122,717 ",175935 ,"121,355 ",98573 ,"87,927 ","1,384,785 ",,,,,,,,
,"臺中都會公園
Taichung Metropolitan Park",臺中市 Taichung City,"54,182 ","63,874 ",40366 ,"31,247 ",31586 ,"39,390 ",44301 ,"43,355 ",51399 ,"54,000 ",51811 ,"34,887 ","540,398 ",,,,,,,,
,"國立臺灣美術館
National Taiwan Museum of Fine Arts",臺中市 Taichung City,"80,251 ","85,721 ",102207 ,"113,460 ",109721 ,"129,089 ",132868 ,"143,384 ",85772 ,"83,932 ",76024 ,"68,258 ","1,210,687 ",,,,,,,,
,"草悟道
Calligraphy Greenway",臺中市 Taichung City,"990,103 ","1,125,403 ",871344 ,"881,592 ",870543 ,"832,156 ",917521 ,"863,465 ",924647 ,"876,685 ",815972 ,"838,029 ","10,807,460 ",,,,,,,,
,"東豐自行車綠廊及后豐鐵馬道
Dongfong Green Bikeway and Houfeng Bikeway",臺中市 Taichung City,"303,625 ","518,458 ",353726 ,"381,658 ",359697 ,"405,982 ",528617 ,"437,671 ",418470 ,"442,059 ",367461 ,"389,994 ","4,907,418 ",,,,,,,,
,"鳳凰谷鳥園
Phoenix Valley Bird Park",南投縣 Nantou County,"6,961 ","19,021 ",12719 ,"9,741 ",9171 ,"10,230 ",15668 ,"16,532 ",8710 ,"13,136 ",16326 ,"11,208 ","149,423 ",,,,,,,,
,"清境農場
Cingjing Farm",南投縣 Nantou County,"67,272 ","122,607 ",80915 ,"58,982 ",60530 ,"90,585 ",124152 ,"124,399 ",75638 ,"109,997 ",116775 ,"111,435 ","1,143,287 ",,,,,,,,
,"武陵農場
Wuling Farm",南投縣 Nantou County,"32,308 ","36,534 ",32308 ,"16,114 ",12324 ,"19,848 ",34676 ,"29,811 ",15801 ,"25,057 ",47631 ,"34,311 ","336,723 ",,,,,,,,
,"臺灣省特有生物研究保育中心
Taiwan Endemic Species Research Institute",南投縣 Nantou County,"4,922 ","5,721 ",5885 ,"6,944 ",6377 ,"4,649 ",7744 ,"7,428 ",5428 ,"9,209 ",7919 ,"3,690 ","75,916 ",,,,,,,,
,"竹山天梯風景區
Jhushan Sky ladder Scenic Area",南投縣 Nantou County,"17,633 ","41,118 ",18155 ,"9,512 ",7516 ,"6,497 ",10551 ,"12,956 ",8226 ,"12,802 ",12527 ,"10,364 ","167,857 ",,,,,,,,
,"嘉義市立博物館
Chiayi Municipal Museum",嘉義市 Chiayi City,"7,765 ","20,497 ",26750 ,"20,221 ",28817 ,"24,385 ",19210 ,"22,571 ",24659 ,"28,226 ",26283 ,"27,400 ","276,784 ",,,,,,,,
,"尖山埤江南渡假村◎
Jianshanbi Scenic Area ",臺南市 Tainan City,"9,796 ","23,028 ",14129 ,"19,173 ",10347 ,"8,700 ",12289 ,"8,854 ",13791 ,"29,303 ",28563 ,"28,358 ","206,331 ",,,,,,,,
,曾文水庫◎                                                                                                     Zengwun Dam,臺南市 Tainan City,"16,409 ","30,195 ",18378 ,"18,882 ",15932 ,"15,337 ",18354 ,"17,033 ",19527 ,"29,212 ",26167 ,"29,574 ","255,000 ",,,,,,,,
Government Sites,"烏山頭水庫風景區◎
Wu Shan Tou Reservoir",臺南市 Tainan City,"7,811 ","42,191 ",19512 ,"9,380 ",13272 ,"15,707 ",17599 ,"16,409 ",14555 ,"16,906 ",15493 ,"12,756 ","201,591 ",,,,,,,,
,"烏樹林休閒園區
Wu Shu Lin Recreational Park",臺南市 Tainan City,"5,652 ","17,054 ",8941 ,"9,705 ",7713 ,"8,734 ",8196 ,"7,822 ",7092 ,"7,637 ",9590 ,"9,376 ","107,512 ",,,,,,,,
,"臺灣鹽博物館◎
Taiwan Salt Museum",臺南市 Tainan City,"6,035 ","17,923 ",5256 ,"6,918 ",10152 ,"11,354 ",9294 ,"9,339 ",4465 ,"6,391 ",4279 ,"4,631 ","96,037 ",,,,,,,,
,壽山動物園                                                                                                  Shoushan Zoo,高雄市 Kaohsiung City,"77,078 ","156,810 ",81876 ,"70,419 ",32296 ,"57,181 ",77997 ,"61,591 ",43482 ,"66,425 ",60051 ,"53,638 ","838,844 ",,,,,,,,
,打狗英國領事館官邸                                                                                   Former British Consulate at Dagou,高雄市 Kaohsiung City,"114,016 ","130,330 ",139071 ,"176,995 ",123900 ,"106,399 ",123903 ,"129,622 ",47125 ,"101,088 ",122970 ,"133,094 ","1,448,513 ",,,,,,,,
,"蓮池潭
Lotus Pond",高雄市 Kaohsiung City,"94,568 ","272,025 ",86976 ,"84,160 ",93760 ,"93,368 ",93760 ,"94,568 ",92560 ,"1,925,184 ",91752 ,"94,568 ","3,117,249 ",,,,,,,,
,"國立科學工藝博物館
National Science and Technology Museum",高雄市 Kaohsiung City,"134,056 ","222,770 ",218830 ,"215,227 ",186120 ,"198,632 ",229788 ,"259,666 ",160801 ,"154,421 ",140730 ,"143,758 ","2,264,799 ",,,,,,,,
,"高雄市立美術館
Kaoshiung Museum of Fine Arts",高雄市 Kaohsiung City,"97,361 ","124,198 ",73498 ,"76,436 ",78313 ,"97,314 ",123437 ,"103,525 ",76875 ,"67,285 ",59166 ,"60,385 ","1,037,793 ",,,,,,,,
,"高雄市立歷史博物館 
Kaohsiung Museum of History",高雄市 Kaohsiung City,"8,232 ","15,618 ",7962 ,"7,082 ",6859 ,"8,754 ",7436 ,"8,625 ",6377 ,"9,659 ",7961 ,"7,727 ","102,292 ",,,,,,,,
,高雄市文化中心                                                                                     Kaohsiung Cultural Center,高雄市 Kaohsiung City,"242,840 ","665,917 ",241151 ,"233,660 ",249979 ,"264,923 ",231293 ,"217,057 ",138630 ,"223,354 ",192514 ,"60,385 ","2,961,703 ",,,,,,,,
,"世運主場館
Main Stadium",高雄市 Kaohsiung City,"1,155 ","158,887 ",9546 ,"2,402 ",7966 ,"13,106 ",15453 ,"23,849 ",16540 ,"42,069 ",22583 ,"253,279 ","566,835 ",,,,,,,,
,"高雄休閒農場
Kaohsiung Recreation Farm",高雄市 Kaohsiung City,790 ,"3,041 ",827 ,"1,371 ",1217 ,"1,154 ",1947 ,"1,412 ",1140 ,"1,792 ",1461 ,"1,485 ","17,637 ",,,,,,,,
,"美濃客家文物館
Meei-Nong The Hakkas Museum",高雄市 Kaohsiung City,"7,038 ","29,496 ",8249 ,0 ,0 ,0 ,6096 ,"9,704 ",6384 ,"8,185 ",13870 ,"12,936 ","101,958 ",,,,,,,,
,澄清湖                                                                                                     Chengching Lake,高雄市 Kaohsiung City,"92,420 ","128,144 ",112989 ,"106,414 ",118537 ,"102,848 ",120694 ,"114,031 ",153907 ,"199,398 ",170546 ,"154,243 ","1,574,171 ",,,,,,,,
,"旗津風景區
Cijin Scenic Aera",高雄市 Kaohsiung City,"454,150 ","709,932 ",485222 ,"449,684 ",388062 ,"494,973 ",511109 ,"486,145 ",451086 ,"493,956 ",453681 ,"392,968 ","5,770,968 ",,,,,,,,
,"國立海洋生物博物館◎
National Museum of Marine Biology & Aquarium",屏東縣 Pingtung County,"43,106 ","132,311 ",71500 ,"91,478 ",89496 ,"118,851 ",187865 ,"187,865 ",112867 ,"112,374 ",84845 ,"67,998 ","1,300,556 ",,,,,,,,
,武荖坑風景區                                                                                          Wulaokeng Scenic Area,宜蘭縣 Yilan County,"1,363 ","5,253 ",13376 ,"255,372 ",153802 ,"8,403 ",15781 ,"11,924 ",6471 ,"6,844 ",5203 ,"2,027 ","485,819 ",,,,,,,,
,"蘇澳冷泉
Su-ao Cold Spring",宜蘭縣 Yilan County,707 ,268 ,250 ,212 ,480 ,"3,256 ",77836 ,"33,186 ",7211 ,"1,321 ",447 ,314 ,"125,488 ",,,,,,,,
"公
營
遊
憩
區","國立傳統藝術中心
National Center for Traditional Arts",宜蘭縣 Yilan County,"65,743 ","167,545 ",72596 ,"96,302 ",77973 ,"91,219 ",151794 ,"163,141 ",87352 ,"103,707 ",101287 ,"88,308 ","1,266,967 ",,,,,,,,
,"蘭陽博物館
Yilan County Lanyang Museum",宜蘭縣 Yilan County,"36,049 ","63,640 ",40477 ,"57,470 ",54114 ,"69,169 ",83492 ,"94,443 ",64102 ,"67,404 ",60519 ,"44,412 ","735,291 ",,,,,,,,
,"慶修院
Chinxiu Temple",花蓮縣 Hualien County,"9,450 ","67,653 ",11196 ,"13,020 ",14680 ,"18,322 ",29350 ,"40,682 ",22019 ,"26,202 ",21422 ,"17,142 ","291,138 ",,,,,,,,
,"花蓮縣石雕博物館
Hualien Stone Sculpture Museum",花蓮縣 Hualien County,"5,947 ","6,623 ",4788 ,"9,028 ",8371 ,"4,563 ",7977 ,"6,085 ",3697 ,"8,742 ",68857 ,"8,337 ","143,015 ",,,,,,,,
,"國立臺灣史前文化博物館
National Museum of Prehistory",臺東縣 Taitung County,"10,146 ","18,381 ",9520 ,"14,183 ",11836 ,"16,501 ",27514 ,"25,256 ",10771 ,"13,584 ",14384 ,"14,384 ","186,460 ",,,,,,,,
Government Sites,"國立臺東海洋生物展覽館
National Taitung Oceanarium",臺東縣 Taitung County,"1,012 ","5,254 ",919 ,"1,289 ",1256 ,"2,526 ",5504 ,"5,579 ",1574 ,"2,238 ",2283 ,"2,283 ","31,717 ",,,,,,,,
,卑南文化公園                                                                                               Beinan Cultural Park,臺東縣 Taitung County,"16,989 ","29,384 ",21620 ,"27,289 ",25076 ,"13,690 ",16424 ,"16,784 ",13536 ,"16,043 ",17031 ,"17,031 ","230,897 ",,,,,,,,
,"莒光樓
Juguang Tower",金門縣 Kinmen County ,"14,499 ","17,067 ",24496 ,"35,715 ",33072 ,"33,990 ",35584 ,"29,938 ",30949 ,"33,114 ",33068 ,"20,075 ","341,567 ",,,,,,,,
,"七美人塚◎
Seven Beauties Tomb",澎湖縣 Penghu County,0 ,0 ,0 ,"5,048 ",7033 ,"4,788 ",4394 ,"2,329 ",1967 ,106 ,106 ,0 ,"25,771 ",,,,,,,,
,"澎湖開拓館
Penghu Reclamation Hall",澎湖縣 Penghu County,275 ,141 ,305 ,345 ,1142 ,831 ,1120 ,"1,060 ",423 ,0 ,0 ,283 ,"5,925 ",,,,,,,,
縣級風景特定區,"小烏來風景特定區
Siaowulai Scenic Area",桃園縣 Taoyuan County,"45,447 ","81,870 ",56175 ,"44,937 ",45519 ,"70,599 ",72570 ,"63,873 ",58953 ,"51,960 ",48126 ,"40,026 ","680,055 ",,,,,,,,
,"十七公里海岸觀光帶
17 Kilometers Coastline Scenic Area",新竹市 Hsinchu City,"16,440 ","15,502 ",25776 ,"17,459 ",19980 ,"33,072 ",23267 ,"22,508 ",25155 ,"21,434 ",28390 ,"18,785 ","267,768 ",,,,,,,,
,"內灣風景區
Neiwan Scenic Area",新竹縣 Hsinchu County,"244,921 ","250,984 ",248993 ,"243,669 ",274590 ,"284,794 ",256500 ,"269,103 ",287027 ,"266,993 ",240935 ,"224,473 ","3,092,982 ",,,,,,,,
,鐵砧山                                                                                                            Tiehchenshan Mountain Recreation Area,臺中市 Taichung City,"108,459 ","169,826 ",115149 ,"126,647 ",110006 ,"126,006 ",151152 ,"248,578 ",268427 ,"130,174 ",129907 ,"97,952 ","1,782,283 ",,,,,,,,
,"霧社
Wushe",南投縣 Nantou County,"33,636 ","61,304 ",40458 ,"29,491 ",30265 ,"45,293 ",62076 ,"62,200 ",37819 ,"54,999 ",58388 ,"55,718 ","571,647 ",,,,,,,,
,"東埔溫泉
Dongpu Hot Springs",南投縣 Nantou County,"17,227 ","20,024 ",20598 ,"24,304 ",22320 ,"16,272 ",27104 ,"25,998 ",18998 ,"32,232 ",27717 ,"12,915 ","265,709 ",,,,,,,,
,"蘭潭
Lantan",嘉義市 Chiayi City,"98,451 ","197,712 ",143623 ,"139,975 ",129367 ,"126,544 ",119640 ,"117,210 ",113800 ,"110,221 ",139462 ,"129,585 ","1,565,590 ",,,,,,,,
,"關子嶺溫泉區
Guan Zih Ling Hot Spring Area",臺南市 Tainan City,"124,938 ","154,318 ",69398 ,"62,396 ",33793 ,"27,108 ",5156 ,"10,786 ",18995 ,"45,901 ",64435 ,"35,721 ","652,945 ",,,,,,,,
County Scenic Areas,"虎頭埤風景區◎
Hutoubei Scenic Area",臺南市 Tainan City,"35,102 ","55,711 ",28505 ,"29,246 ",21437 ,"37,671 ",25625 ,"21,956 ",25996 ,"30,098 ",32534 ,"27,678 ","371,559 ",,,,,,,,
,冬山河親水公園                                                                                       Dongshan River Water Park,宜蘭縣 Yilan County,"18,306 ","49,372 ",31690 ,"28,318 ",25816 ,"55,264 ",269539 ,"323,030 ",25653 ,"35,837 ",32634 ,"25,272 ","920,731 ",,,,,,,,
,五峰旗瀑布                                                                                                Wufongci Waterfall,宜蘭縣 Yilan County,"37,573 ","104,495 ",56225 ,"44,620 ",59317 ,"78,316 ",82818 ,"84,322 ",62226 ,"57,136 ",52530 ,"39,949 ","759,527 ",,,,,,,,
,龍潭湖                                                                                                           Longtan Lake,宜蘭縣 Yilan County,"21,581 ","27,368 ",30029 ,"34,234 ",31622 ,"29,010 ",26066 ,"24,231 ",28490 ,"32,429 ",32455 ,"28,995 ","346,510 ",,,,,,,,
,"七星潭風景區
Chishingtarn Scenic Area",花蓮縣 Hualien County,"90,875 ","95,689 ",107911 ,"112,488 ",114171 ,"167,408 ",205791 ,"200,657 ",101766 ,"99,750 ",114335 ,"163,668 ","1,574,509 ",,,,,,,,
森林遊樂區,"滿月圓國家森林遊樂區
Manyueyuan National Forest Recreation Area",新北市 New Taipei City,0 ,"13,947 ",11732 ,"8,279 ",10887 ,"22,751 ",18586 ,"16,816 ",12672 ,"15,064 ",16788 ,"10,143 ","157,665 ",,,,,,,,
,"內洞國家森林遊樂區
Neidong National Forest Recreation Area",新北市 New Taipei City,"12,118 ","22,484 ",17303 ,"10,377 ",13452 ,"23,538 ",21751 ,"23,662 ",15185 ,"17,210 ",18866 ,"11,377 ","207,323 ",,,,,,,,
,"東眼山國家森林遊樂區 
Dongyanshan National Forest Recreation Area",桃園縣 Taoyuan County,"3,784 ","13,206 ",8253 ,"6,393 ",9382 ,"19,469 ",16370 ,"14,867 ",10353 ,"13,061 ",14874 ,"7,042 ","137,054 ",,,,,,,,
,"八仙山國家森林遊樂區
Basianshan National Forest Recreation Area",臺中市 Taichung City,"7,822 ","15,544 ",7108 ,"10,546 ",9632 ,"9,465 ",9306 ,"11,702 ",8291 ,"13,204 ",12413 ,"10,651 ","125,684 ",,,,,,,,
,"大雪山國家森林遊樂區 
Dasyueshan National Forest Recreation Area",臺中市 Taichung City,"5,849 ","14,617 ",6641 ,"5,864 ",5390 ,"16,812 ",7993 ,0 ,3864 ,"12,066 ",14211 ,"18,893 ","112,200 ",,,,,,,,
,"武陵國家森林遊樂區◎
Wuling National Forest Recreation Area",臺中市 Taichung City,"32,308 ","70,487 ",30196 ,"16,114 ",12324 ,"19,848 ",34676 ,"29,811 ",15817 ,"25,057 ",47631 ,"34,311 ","368,580 ",,,,,,,,
,"奧萬大國家森林遊樂區
Aowanda National Forest Recreation Area",南投縣 Nantou County,"16,509 ","32,095 ",5988 ,"2,938 ",2531 ,"3,587 ",5495 ,"5,742 ",4697 ,"21,694 ",76148 ,"105,934 ","283,358 ",,,,,,,,
Forest Recreation Areas,惠蓀林場                                                                                                       Huisun Forest Recreation Area,南投縣 Nantou County,"10,260 ","27,600 ",11845 ,"13,593 ",11233 ,"16,876 ",16035 ,"14,728 ",16452 ,"20,788 ",19302 ,"12,720 ","191,432 ",,,,,,,,
,"溪頭森林遊樂區
Sitou Forest Recreation Area",南投縣 Nantou County,"73,932 ","103,835 ",101184 ,"97,238 ",96658 ,"131,555 ",164079 ,"142,991 ",132001 ,"125,428 ",130427 ,"88,349 ","1,387,677 ",,,,,,,,
,"合歡山國家森林遊樂區
Hehuanshan National Forest Recreation Area",南投縣 Nantou County,"1,786 ","1,939 ",1537 ,"1,773 ",2298 ,"2,821 ",3097 ,"2,655 ",2277 ,"2,625 ",2752 ,"2,426 ","27,986 ",,,,,,,,
,"阿里山國家森林遊樂區◎
Alishan National Forest Recreation Area",嘉義縣 Chiayi County,"150,852 ","186,552 ",298672 ,"230,723 ",140853 ,"138,049 ",146244 ,"145,546 ",134402 ,"143,538 ",172775 ,"175,360 ","2,063,566 ",,,,,,,,
,"墾丁國家森林遊樂區◎
Kenting National Forest Recreation Area",屏東縣 Pingtung County,"9,588 ","25,470 ",15292 ,"16,509 ",11597 ,"14,020 ",17931 ,"12,932 ",10315 ,"18,476 ",14474 ,"14,254 ","180,858 ",,,,,,,,
,"雙流國家森林遊樂區
Shuangliou National Forest Recreation Area",屏東縣 Pingtung County,"3,451 ","8,985 ",4236 ,"5,665 ",3778 ,"6,587 ",7306 ,"5,084 ",4077 ,"7,833 ",8056 ,"4,299 ","69,357 ",,,,,,,,
,"太平山國家森林遊樂區
Taipingshan National Forest Recreation Area",宜蘭縣 Yilan County,"14,890 ","31,224 ",15118 ,"15,557 ",13641 ,"25,534 ",29568 ,"29,616 ",14342 ,"19,304 ",24604 ,"23,362 ","256,760 ",,,,,,,,
,"棲蘭森林遊樂區
Cilan Forest Recreation Area",宜蘭縣 Yilan County,"9,006 ","18,079 ",7268 ,"6,786 ",5762 ,"9,689 ",12075 ,"10,751 ",5800 ,"7,262 ",8960 ,"5,846 ","107,284 ",,,,,,,,
,"明池森林遊樂區
Mingchih Forest Recreation Area",宜蘭縣 Yilan County,"5,214 ","12,422 ",6814 ,"6,599 ",6398 ,"11,949 ",17178 ,"16,367 ",8826 ,"10,344 ",20803 ,"13,338 ","136,252 ",,,,,,,,
,"富源國家森林遊樂區◎
Fuyuan National Forest Recreation Area",花蓮縣 Hualien County,"3,175 ","9,670 ",4577 ,"5,302 ",3180 ,"5,136 ",6089 ,"5,566 ",3555 ,"4,145 ",4447 ,"3,819 ","58,661 ",,,,,,,,
,"池南國家森林遊樂區◎
Chihnan National Forest Recreation Area",花蓮縣 Hualien County,"1,092 ","5,200 ",2736 ,"4,855 ",2770 ,"2,191 ",3656 ,"3,793 ",2183 ,"2,765 ",3621 ,"2,118 ","36,980 ",,,,,,,,
,"知本國家森林遊樂區
Jhihben National Forest Recreation Area",臺東縣 Taitung County,"7,953 ","15,980 ",6861 ,"8,294 ",6861 ,"6,268 ",7929 ,"6,892 ",3472 ,"6,495 ",7115 ,"6,172 ","90,292 ",,,,,,,,
海水浴場,"福隆蔚藍海岸◎
Fulong Beach",新北市 New Taipei City,"1,299 ","2,636 ",3432 ,"3,904 ",163208 ,"324,231 ",557220 ,"19,266 ",6126 ,"3,123 ",1404 ,549 ,"1,086,398 ",,,,,,,,
,"翡翠灣濱海遊樂區◎
Green Bay",新北市 New Taipei City,"9,787 ","7,952 ",10522 ,"11,004 ",9161 ,"16,647 ",17830 ,"20,244 ",12204 ,"9,106 ",8325 ,"8,161 ","140,943 ",,,,,,,,
,"墾丁海水浴場 
Kenting Beach",屏東縣 Pingtung County,"13,711 ","21,715 ",25219 ,"21,136 ",24701 ,"25,795 ",26339 ,"26,339 ",22749 ,"22,932 ",20945 ,"21,583 ","273,164 ",,,,,,,,
Beach,"頭城海水浴場 
Toucheng Beach",宜蘭縣 Yilan County,"8,735 ","9,657 ",10019 ,"10,378 ",9629 ,"10,155 ",9227 ,"9,329 ",9139 ,"9,839 ",20223 ,"20,571 ","136,901 ",,,,,,,,
,"磯崎海水浴場◎
Jici Beach",花蓮縣 Hualien County,0 ,"8,356 ",1109 ,"1,568 ",667 ,848 ,3623 ,"3,804 ",1030 ,107 ,0 ,0 ,"21,112 ",,,,,,,,
,"陽明海洋文化藝術館
Yangming Oceanic Culture and Art Museum",基隆市 Keelung City,"3,695 ","3,384 ",2827 ,"10,195 ",3528 ,"3,868 ",6268 ,"5,708 ",2247 ,"2,931 ",2424 ,"8,877 ","55,952 ",,,,,,,,
,和平島濱海公園                                                                                        Hepingdao Seashore Park,基隆市 Keelung City,"5,185 ","13,894 ",13427 ,"14,235 ",15894 ,"31,801 ",28803 ,"30,440 ",18616 ,"18,622 ",17302 ,"11,799 ","220,018 ",,,,,,,,
,"美麗華摩天輪
Miramar Ferris Wheel",臺北市 Taipei City,"24,969 ","36,629 ",24827 ,"22,514 ",24380 ,"30,841 ",33512 ,"36,702 ",23947 ,"25,898 ",26647 ,"31,018 ","341,884 ",,,,,,,,
,"臺北101景觀臺
TAIPEI 101 OBSERVATORY",臺北市 Taipei City,"184,472 ","143,191 ",184454 ,"219,488 ",182200 ,"170,253 ",165218 ,"210,005 ",190095 ,"193,091 ",207302 ,"206,936 ","2,256,705 ",,,,,,,,
民營遊憩區,關渡自然公園                                                                                                Guandu Nature Park,臺北市 Taipei City,"7,442 ","8,718 ",11786 ,"8,612 ",10427 ,"8,845 ",9488 ,"8,976 ",9779 ,"18,363 ",15713 ,"8,584 ","126,733 ",,,,,,,,
,"台北當代藝術館 
Museum of Contemporary Art, Taipei",臺北市 Taipei City,"10,368 ","11,438 ",12793 ,"12,294 ",16170 ,"17,100 ",17703 ,"17,431 ",17881 ,"20,392 ",17018 ,"19,081 ","189,669 ",,,,,,,,
,八仙海岸                                                                                                     Formosa Fun Coast,新北市 New Taipei City,"8,042 ","10,770 ",6768 ,"4,892 ",3065 ,"38,841 ",98042 ,"97,449 ",21930 ,"16,104 ",9619 ,"11,191 ","326,713 ",,,,,,,,
,"野柳海洋世界◎
Yeliou Ocean World",新北市 New Taipei City,"3,290 ","7,393 ",7820 ,"8,873 ",12577 ,"13,536 ",8992 ,"13,602 ",10649 ,"15,250 ",20408 ,"11,755 ","134,145 ",,,,,,,,
,"雲仙樂園 
Yun Hsien Holiday Resort",新北市 New Taipei City,"9,996 ","27,327 ",12187 ,"8,834 ",10507 ,"12,888 ",13751 ,"14,668 ",10072 ,"10,973 ",13574 ,"11,398 ","156,175 ",,,,,,,,
,"三峽鎮大板根森林溫泉渡假村
The Great Roots Forestry Spa Resort",新北市 New Taipei City,"15,167 ","12,618 ",13491 ,"15,177 ",17774 ,"18,492 ",16878 ,"19,136 ",18985 ,"21,820 ",24146 ,"21,072 ","214,756 ",,,,,,,,
Amusememt / Theme Sites,"朱銘美術館 
Juming Museum",新北市 New Taipei City,"4,840 ","11,589 ",12100 ,"9,394 ",10234 ,"12,704 ",15775 ,"18,851 ",9916 ,"14,202 ",12931 ,"7,990 ","140,526 ",,,,,,,,
,"十分瀑布
Shihfen Waterfall",新北市 New Taipei City,"23,247 ","43,355 ",36621 ,"32,884 ",35779 ,"46,781 ",44865 ,"43,161 ",35779 ,"38,189 ",41037 ,"35,128 ","456,826 ",,,,,,,,
,"小人國主題樂園
Window on China Theme Park",桃園縣 Taoyuan County,"36,432 ","109,527 ",48431 ,"43,297 ",42745 ,"44,037 ",143894 ,"143,971 ",34161 ,"33,394 ",39999 ,"23,082 ","742,970 ",,,,,,,,
,"味全埔心牧場 
Wei Chuan Pushin Ranch",桃園縣 Taoyuan County,"14,397 ","26,284 ",25768 ,"24,526 ",39351 ,"20,330 ",16591 ,"16,936 ",28672 ,"35,220 ",37540 ,"14,268 ","299,883 ",,,,,,,,
,"六福村主題遊樂園 
Leofoo Village Theme Park",新竹縣 Hsinchu County,"49,526 ","107,153 ",74688 ,"98,045 ",62962 ,"88,898 ",112994 ,"163,401 ",73664 ,"76,432 ",108090 ,"67,945 ","1,083,798 ",,,,,,,,
,"小叮噹科學遊樂園
Little Ding-Dong Science Park",新竹縣 Hsinchu County,"10,214 ","12,159 ",19173 ,"14,395 ",19331 ,"11,196 ",68616 ,"88,401 ",16841 ,"20,701 ",22203 ,"7,796 ","311,026 ",,,,,,,,
,"萬瑞森林樂園
Wanjui Forest Recreational Area",新竹縣 Hsinchu County,504 ,984 ,1457 ,"1,283 ",3041 ,"1,713 ",1058 ,"2,028 ",3893 ,"8,363 ",6982 ,"2,628 ","33,934 ",,,,,,,,
,"綠世界生態休閒農場
Green World",新竹縣 Hsinchu County,"20,800 ","82,000 ",38500 ,"39,500 ",34100 ,"34,800 ",34200 ,"35,500 ",22000 ,"47,000 ",40000 ,"21,000 ","449,400 ",,,,,,,,
,"南園清心園林休閒農場
Garden Nan",新竹縣 Hsinchu County,"8,511 ","9,562 ",8437 ,"8,878 ",8613 ,"8,832 ",8132 ,"8,873 ",8559 ,"9,116 ",9666 ,"9,012 ","106,191 ",,,,,,,,
,"香格里拉樂園
Shangrila Paradise",苗栗縣 Miaoli County,"8,227 ","23,992 ",14415 ,"50,401 ",16794 ,"65,681 ",14230 ,"13,622 ",21588 ,"25,718 ",21241 ,"12,770 ","288,679 ",,,,,,,,
,"西湖渡假村
West Lake Resortopia",苗栗縣 Miaoli County,"19,096 ","29,558 ",26080 ,"43,602 ",45440 ,"27,333 ",28935 ,"51,640 ",30647 ,"45,429 ",49828 ,"26,324 ","423,912 ",,,,,,,,
,"飛牛牧場 
Flying Cow Ranch",苗栗縣 Miaoli County,"16,013 ","46,792 ",24550 ,"20,384 ",19092 ,"20,326 ",21533 ,"21,314 ",20743 ,"28,739 ",31840 ,"20,298 ","291,624 ",,,,,,,,
,"麗寶樂園 
LihPaoLand",臺中市 Taichung City,"24,454 ","89,578 ",27831 ,"45,723 ",50051 ,"98,525 ",256676 ,"280,846 ",94919 ,"51,250 ",29090 ,"32,357 ","1,081,300 ",,,,,,,,
,"東勢林場遊樂區
Dongshi Forest Garden",臺中市 Taichung City,"20,577 ","45,588 ",14929 ,"35,212 ",19851 ,"9,789 ",12966 ,"11,810 ",12526 ,"15,736 ",16586 ,"15,003 ","230,573 ",,,,,,,,
,"杉林溪森林遊樂區 
Sun Link Sea Forest Recreation Area",南投縣 Nantou County,"23,075 ","57,036 ",82845 ,"55,842 ",26713 ,"32,979 ",44695 ,"41,088 ",24845 ,"32,194 ",29852 ,"25,937 ","477,101 ",,,,,,,,
民營遊憩區,"九族文化村◎
Formosan Aboriginal Culture Village",南投縣 Nantou County,"61,431 ","248,414 ",125732 ,"73,767 ",46875 ,"73,213 ",67034 ,"77,647 ",47688 ,"68,049 ",65689 ,"66,204 ","1,021,743 ",,,,,,,,
,"泰雅渡假村 
Atayal Village",南投縣 Nantou County,"19,467 ","31,137 ",24830 ,"23,688 ",20703 ,"12,841 ",21590 ,"13,082 ",21486 ,"24,061 ",22691 ,"16,251 ","251,827 ",,,,,,,,
,臺灣民俗村                                                                                                  Taiwan Folk Village,彰化縣 Changhua County,0 ,0 ,0 ,0 ,0 ,0 ,0 ,0 ,0 ,0 ,0 ,0 ,0 ,,,,,,,,
,劍湖山世界                                                                                                 JanFuSun Fancyworld,雲林縣 Yunlin County,"47,760 ","162,242 ",91001 ,"61,247 ",48383 ,"103,423 ",124138 ,"143,109 ",71888 ,"76,068 ",122867 ,"78,109 ","1,130,235 ",,,,,,,,
Amusememt / Theme Sites,"走馬瀨農場◎ 
Tsou-Ma-Lai Farm",臺南市 Tainan City,"186,603 ","316,622 ",37150 ,"44,095 ",28510 ,"33,532 ",45758 ,"28,574 ",22843 ,"62,765 ",37123 ,"31,751 ","875,326 ",,,,,,,,
,"頑皮世界
Leopard King Safari Zoo",臺南市 Tainan City,"10,371 ","59,031 ",20130 ,"16,174 ",8831 ,"8,118 ",13823 ,"9,868 ",6528 ,"12,785 ",13422 ,"10,976 ","190,057 ",,,,,,,,
,"陽明高雄海洋探索館 
YM Museum of Marine Exploration Kaohsiung",高雄市 Kaohsiung City,"4,733 ","11,475 ",8234 ,"8,256 ",4555 ,"4,324 ",6648 ,"8,784 ",6487 ,"11,033 ",7499 ,"3,027 ","85,055 ",,,,,,,,
,"8大森林博覽樂園
Bada Forest Theme Park",屏東縣 Pingtung County,"9,677 ","38,706 ",24692 ,"19,806 ",8084 ,"9,279 ",16997 ,"13,609 ",10057 ,"12,893 ",14679 ,"15,465 ","193,944 ",,,,,,,,
,"大路觀主題樂園
Dalukuanlamd",屏東縣 Pingtung County,807 ,"3,104 ",771 ,"1,481 ",1333 ,0 ,0 ,506 ,485 ,"1,093 ",1546 ,307 ,"11,433 ",,,,,,,,
,"小墾丁渡假村
Kentington Resort",屏東縣 Pingtung County,"5,818 ","13,803 ",9558 ,"17,549 ",14910 ,"18,345 ",22081 ,"16,255 ",19286 ,"18,589 ",15907 ,"13,105 ","185,206 ",,,,,,,,
,"花蓮海洋公園◎
Hualien Ocean Park",花蓮縣 Hualien County,"16,831 ","64,915 ",24570 ,"38,110 ",27150 ,"47,930 ",85404 ,"84,076 ",36674 ,"48,210 ",35710 ,"25,586 ","535,166 ",,,,,,,,
,"原生應用植物園◎
Yuan Sen Applied Botanical Garden",臺東縣 Taitung County,"11,785 ","18,384 ",15120 ,"20,381 ",16598 ,"19,275 ",28718 ,"29,791 ",14617 ,"19,462 ",20419 ,"15,517 ","230,067 ",,,,,,,,
,"布農部落◎
Bunun Leisure Farming",臺東縣 Taitung County,"6,205 ","12,802 ",6567 ,"7,711 ",7065 ,"8,108 ",14070 ,"12,426 ",5431 ,"8,666 ",9110 ,"7,245 ","105,406 ",,,,,,,,
,"民俗文化村◎
Shanhou  Folk Cultural Village",金門縣 Kinmen County ,"4,591 ","8,231 ",6339 ,"10,168 ",14312 ,"14,476 ",16144 ,"14,342 ",13133 ,"15,203 ",12738 ,"7,359 ","137,036 ",,,,,,,,
寺廟,"清水祖師廟
Cingshui Zushih Temple",新北市 New Taipei City,904 ,"5,000 ",925 ,"1,940 ",1238 ,999 ,1716 ,984 ,1262 ,"1,953 ",1390 ,"1,376 ","19,687 ",,,,,,,,
,"法鼓山世界佛教教育園
Dharma Drum Mountain World Center for Buddhist Education",新北市 New Taipei City,"21,550 ","72,969 ",29604 ,"27,161 ",25933 ,"24,785 ",22322 ,"22,820 ",25981 ,"26,298 ",29494 ,"36,668 ","365,585 ",,,,,,,,
,"萬和宮
Wan-He Temple",臺中市 Taichung City,"26,900 ","57,990 ",24100 ,"28,700 ",30530 ,"25,800 ",25330 ,"56,750 ",38390 ,"24,550 ",29170 ,"26,530 ","394,740 ",,,,,,,,
,"大甲鎮瀾宮
Da Jia Jenn Lann Temple",臺中市 Taichung City,"93,400 ","1,860,350 ",186950 ,"393,610 ",159500 ,"62,150 ",83900 ,"61,250 ",80150 ,"70,350 ",69800 ,"73,750 ","3,195,160 ",,,,,,,,
,"中臺禪寺 
Chung-Tai Buddhist Temple",南投縣 Nantou County,"238,499 ","261,143 ",306781 ,"362,378 ",287713 ,"244,992 ",251165 ,"291,357 ",258455 ,"204,898 ",256111 ,"266,784 ","3,230,276 ",,,,,,,,
Temples,"北港朝天宮
BeiGang ChaoTian Temple",雲林縣 Yunlin County,"189,500 ","2,562,800 ",1312000 ,"629,500 ",169600 ,"135,000 ",163200 ,"138,400 ",276300 ,"173,200 ",186400 ,"226,500 ","6,162,400 ",,,,,,,,
,"新港奉天宮
Hsin Kang Feng Tian Temple",嘉義縣 Chiayi County,"300,000 ","350,000 ",390000 ,"480,000 ",450000 ,"440,000 ",450000 ,"120,000 ",150000 ,"120,000 ",110000 ,"100,000 ","3,460,000 ",,,,,,,,
,"南鯤鯓代天府                                                                                            Daitianfu Temple, Nankunshen",臺南市 Tainan City,"889,650 ","818,600 ",750550 ,"585,500 ",955000 ,"695,500 ",893500 ,"495,000 ",798000 ,"1,000,000 ",880350 ,"610,000 ","9,371,650 ",,,,,,,,
,"麻豆代天府                                                                                               Daitianfu Temple, Madou",臺南市 Tainan City,"364,800 ","477,266 ",405676 ,"484,708 ",515002 ,"386,252 ",412001 ,"267,800 ",329600 ,"391,400 ",280160 ,"266,152 ","4,580,817 ",,,,,,,,
,佛光山                                                                                                       Foguangshan,高雄市 Kaohsiung City,"195,551 ","4,163,386 ",338559 ,"479,927 ",376044 ,"345,400 ",408519 ,"407,277 ",355442 ,"236,979 ",398807 ,"521,475 ","8,227,366 ",,,,,,,,
古蹟、歷史建物,"北投溫泉博物館 
Beitou Hot Spring Museum",臺北市 Taipei City,"43,794 ","26,273 ",40520 ,"30,264 ",32084 ,"34,153 ",33724 ,"42,358 ",53084 ,"47,226 ",55241 ,"50,133 ","488,854 ",,,,,,,,
,龍山寺                                                                                                              Lung Shan Temple,臺北市 Taipei City,"238,678 ","375,201 ",240643 ,"192,092 ",200254 ,"202,456 ",214973 ,"173,591 ",207105 ,"212,081 ",204497 ,"200,624 ","2,662,195 ",,,,,,,,
,"台北故事館
Taipei Story House",臺北市 Taipei City,"8,074 ","9,127 ",19309 ,"9,490 ",9093 ,"9,061 ",8906 ,"8,356 ",9365 ,"11,098 ",11262 ,"10,300 ","123,441 ",,,,,,,,
,"臺北市孔廟 
Taipei Confucius Temple",臺北市 Taipei City,"43,646 ","74,508 ",43205 ,"38,858 ",40862 ,"34,217 ",36926 ,"33,821 ",34725 ,"32,568 ",33459 ,"32,656 ","479,451 ",,,,,,,,
,"淡水紅毛城 
Fort San Domingo, Tamsui",新北市 New Taipei City,"59,960 ","85,209 ",82249 ,"79,686 ",79870 ,"77,064 ",72748 ,"68,948 ",67956 ,"85,502 ",88183 ,"72,624 ","919,999 ",,,,,,,,
,"林本源園邸( 林家花園) 
The Lin Family Mans",新北市 New Taipei City,"27,012 ","60,463 ",34359 ,"27,216 ",16267 ,"24,845 ",24819 ,"28,884 ",23076 ,"35,449 ",39533 ,"28,331 ","370,254 ",,,,,,,,
,"滬尾砲臺
Huwei Fort",新北市 New Taipei City,"11,445 ","18,034 ",18147 ,"14,474 ",16915 ,"14,018 ",11713 ,"13,936 ",12801 ,"14,154 ",15603 ,"13,391 ","174,631 ",,,,,,,,
Historic Sites,"前清淡水關稅務司官邸
Tamsui Customs Officer's Residence",新北市 New Taipei City,"21,620 ","35,415 ",26292 ,"21,743 ",20275 ,"19,696 ",18580 ,"17,507 ",20306 ,"25,842 ",25115 ,"21,870 ","274,261 ",,,,,,,,
,"三峽鎮歷史文物館
Sansia Historical Relic Hall",新北市 New Taipei City,"3,936 ","8,700 ",4536 ,"4,664 ",3215 ,"3,212 ",7804 ,"4,726 ",3092 ,"4,472 ",5127 ,"2,564 ","56,048 ",,,,,,,,
,"北埔遊憩區
Beipu Scenic Area",新竹縣 Hsinchu County,"39,500 ","45,510 ",33150 ,"34,100 ",36430 ,"27,560 ",27040 ,"32,760 ",32760 ,"23,855 ",22833 ,"22,130 ","377,628 ",,,,,,,,
,"鹿港龍山寺
Longshan Temple, Lugang",彰化縣 Changhua County,"47,335 ","514,700 ",66435 ,"42,430 ",42245 ,"45,000 ",70000 ,"23,456 ",46010 ,"56,665 ",44715 ,"45,816 ","1,044,807 ",,,,,,,,
,"彰化孔子廟 
Confucius Temple, Chunghua",彰化縣 Changhua County,"3,827 ","2,643 ",3496 ,"4,671 ",1784 ,"2,144 ",15411 ,"1,159 ",2776 ,"1,959 ",1207 ,"4,593 ","45,670 ",,,,,,,,
,"延平郡王祠
Koxinga Shrine",臺南市 Tainan City,"22,253 ","25,181 ",26046 ,"26,271 ",25800 ,"17,337 ",19101 ,"21,575 ",20599 ,"17,704 ",18690 ,"16,848 ","257,405 ",,,,,,,,
,"赤嵌樓
Fort Provintia",臺南市 Tainan City,"70,441 ","127,263 ",85455 ,"89,519 ",74018 ,"71,563 ",88178 ,"91,090 ",77567 ,"71,580 ",80760 ,"74,768 ","1,002,202 ",,,,,,,,
,"臺南孔子廟
Confucius Temple, Tainan",臺南市 Tainan City,"18,411 ","36,688 ",17157 ,"18,743 ",14043 ,"16,778 ",21931 ,"21,214 ",16046 ,"18,954 ",20396 ,"27,775 ","248,136 ",,,,,,,,
,"祀典武廟
War God Temple",臺南市 Tainan City,"49,309 ","108,067 ",59423 ,"63,343 ",50477 ,"49,831 ",59154 ,"61,884 ",55110 ,"49,517 ",55669 ,"51,331 ","713,115 ",,,,,,,,
,"五妃廟 
Five Concubines Temple",臺南市 Tainan City,"3,769 ","8,143 ",4180 ,"4,500 ",4259 ,"5,962 ",5634 ,"4,280 ",4786 ,"8,680 ",5330 ,"5,805 ","65,328 ",,,,,,,,
,"大天后宮
Great Empress of Heaven Temple",臺南市 Tainan City,"48,219 ","101,705 ",50877 ,"54,391 ",43076 ,"42,675 ",50336 ,"52,775 ",47354 ,"42,359 ",47592 ,"43,855 ","625,214 ",,,,,,,,
,"安平小鎮
Anping Recreation Area",臺南市 Tainan City,"136,291 ","266,869 ",146678 ,"172,611 ",130939 ,"139,596 ",164883 ,"166,648 ",134942 ,"146,752 ",162337 ,"153,852 ","1,922,398 ",,,,,,,,
,"基隆嶼
Keelung Islet",基隆市 Keelung City,46 ,375 ,1273 ,"2,001 ",3465 ,"3,167 ",1518 ,794 ,961 ,"1,366 ",217 ,82 ,"15,265 ",,,,,,,,
其他,"八里左岸公園
Bali Zou-an",新北市 New Taipei City,"162,000 ","340,000 ",218000 ,"224,000 ",228000 ,"219,000 ",241000 ,"244,000 ",217000 ,"238,000 ",240000 ,"174,000 ","2,745,000 ",,,,,,,,
,"淡水金色水岸
Golden Coast",新北市 New Taipei City,"210,000 ","360,000 ",241000 ,"236,000 ",239000 ,"238,000 ",250000 ,"252,000 ",234000 ,"246,000 ",249000 ,"198,000 ","2,953,000 ",,,,,,,,
,"三峽老街
Sansia Old Street",新北市 New Taipei City,"192,000 ","192,000 ",161000 ,"153,000 ",115000 ,"117,000 ",129000 ,"142,000 ",160000 ,"172,000 ",176000 ,"159,000 ","1,868,000 ",,,,,,,,
,"鶯歌老街
Yingge Historic Street",新北市 New Taipei City,"53,697 ","69,906 ",42357 ,"68,997 ",52737 ,"56,451 ",52206 ,"53,013 ",47388 ,"48,168 ",48012 ,"52,701 ","645,633 ",,,,,,,,
,"大湖草莓文化館
Dahu Strawberry Culture Museum",苗栗縣 Miaoli County,"80,000 ","68,000 ",92000 ,"91,400 ",97400 ,"69,400 ",49800 ,"39,000 ",60200 ,"71,600 ",84600 ,"101,200 ","904,600 ",,,,,,,,
,"客家大院
Hakka House",苗栗縣 Miaoli County,"40,850 ","83,080 ",105868 ,"241,220 ",115714 ,"113,472 ",95128 ,"82,400 ",38166 ,"78,363 ",78363 ,"64,182 ","1,136,806 ",,,,,,,,
,"田尾公路花園 
Tienwei Highway Garden",彰化縣 Changhua County,"200,000 ","1,080,000 ",95000 ,"70,000 ",60000 ,"60,000 ",50000 ,"80,000 ",90000 ,"92,000 ",120000 ,"130,000 ","2,127,000 ",,,,,,,,
,"溪州公園 
Sijhou Park",彰化縣 Changhua County,"14,711 ","423,566 ",37677 ,"12,085 ",21637 ,"16,212 ",11159 ,"25,037 ",26082 ,"18,344 ",23375 ,"17,646 ","647,531 ",,,,,,,,
Others,"臺灣玻璃館
Taiwan Glass Gallery",彰化縣 Changhua County,"62,962 ","211,473 ",100958 ,"120,780 ",109595 ,"109,954 ",98708 ,"101,756 ",104060 ,"118,908 ",103032 ,"83,464 ","1,325,650 ",,,,,,,,
,"臺塑六輕阿媽公園
No. 6 Cracker Ama Park",雲林縣 Yunlin County,308 ,130 ,329 ,659 ,842 ,905 ,750 ,566 ,847 ,775 ,1525 ,826 ,"8,462 ",,,,,,,,
,草嶺                                                                                                                 Tsaoling,雲林縣 Yunlin County,"12,480 ","24,640 ",36480 ,"56,400 ",24480 ,"17,440 ",13920 ,"17,000 ",15440 ,"32,240 ",16240 ,"10,240 ","277,000 ",,,,,,,,
,"駁二藝術特區
Pier-2 Art Center",高雄市 Kaohsiung City,"280,395 ","445,694 ",206970 ,"136,870 ",244286 ,"97,362 ",173282 ,"488,920 ",276655 ,"332,399 ",269549 ,"285,550 ","3,237,932 ",,,,,,,,
,"愛河
Love River",高雄市 Kaohsiung City,"32,686 ","67,389 ",45518 ,"45,347 ",35245 ,"33,783 ",46483 ,"48,303 ",44583 ,"61,527 ",32686 ,"35,670 ","529,220 ",,,,,,,,
,"金針山休閒農業區
Mt. Jinjhen Recreation Farming Area",臺東縣 Taitung County,"11,089 ","10,600 ",10350 ,"3,600 ",5800 ,"6,500 ",8200 ,"9,000 ",7000 ,"3,500 ",3500 ,"5,500 ","84,639 ",,,,,,,,
,"蘭嶼
Lanyu (Orchid Island)",臺東縣 Taitung County,"2,193 ","7,259 ",6888 ,"12,125 ",8651 ,"18,411 ",32438 ,"24,132 ",17052 ,"9,637 ",4661 ,"4,661 ","148,108 ",,,,,,,,
 資料來源：臺北市政府、新北市政府、臺中市政府、臺南市政府、高雄市政府、各縣市政府及公民營遊憩區管理單位。,,,,,,,,,,,,,,,,,,,,,,,
 資料使用說明︰1.本資料係各別觀光遊憩據點之遊客人數，其總和非國內國民旅遊之總人次。,,,,,,,,,,,,,,,,,,,,,,,
                           2.遊憩區分類係區分為國家風景區、國家公園、公營遊憩區 、縣級風景特定區、森林遊樂區、海水浴場、民營遊憩區、寺廟、古蹟歷史建物及其他。,,,,,,,,,,,,,,,,,,,,,,,
                           3.遊憩區性質若涉及二種以上分類，資料會重複列表。例如︰墾丁國家森林遊樂區既屬森林遊樂區分類又在墾丁國家公園之範圍內等。,,,,,,,,,,,,,,,,,,,,,,,
                                        (報表之'觀光遊憩區'欄註有'◎'符號者表示有重複分類),,,,,,,,,,,,,,,,,,,,,,,
註1：101年刪除據點褒忠馬鳴山鎮安宮五年千歲公園、拉拉山自然保護區、臺北市立兒童育樂中心文山園區、旗津海岸公園、旗津海水浴場等5處。,,,,,,,,,,,,,,,,,,,,,,,
註2：101年新增據點雪見遊憩區、南方澳遊客中心、花蓮觀光糖廠、立川漁場、竹山天梯風景區、猴硐煤礦博物園區、蘭陽博物館、旗津風景區、,,,,,,,,,,,,,,,,,,,,,,,
         林安泰古厝民俗文物館等9處。,,,,,,,,,,,,,,,,,,,,,,,
註3：101年更名據點東勢林場遊樂區(原東勢林場)、台北二二八紀念館(原二二八紀念館)、台北當代藝術館(原當代藝術館)、台北故事館(原臺北故事館)等4處。,,,,,,,,,,,,,,,,,,,,,,,
